name,distance_km,moving_time,elevation_m,average_speed_kmh,sport_type,date,speed_range,level,elev_norm,dist_norm,speed_norm,difficulty_score
bikini,80.55,168.63,1040.0,28.66,Ride,2023-08-19 06:29:26,20–30 km/h,Intermediate,0.6310679611650486,0.49894619390032235,0.5395894428152493,0.5731357273156709
Evening Ride,3.44,13.15,19.0,15.71,Ride,2023-08-13 19:39:30,< 20 km/h,Beginner,0.011529126213592233,0.020952144805355816,0.1943481738203146,0.05091984131246578
Morning Ride,0.53,1.47,1.0,21.6,Ride,2023-08-12 10:21:07,20–30 km/h,Intermediate,0.0006067961165048543,0.0029134639226382347,0.3513729672087444,0.07145203067679279
shift in the force ,80.8,158.72,404.0,30.55,Ride,2023-08-12 07:31:32,> 30 km/h,Advanced,0.24514563106796117,0.5004959087527895,0.5899760063982938,0.3907167894394762
Fresh Daily ,76.7,156.75,722.0,29.35,Ride,2023-08-05 07:00:43,20–30 km/h,Intermediate,0.4381067961165049,0.4750805851723283,0.5579845374566782,0.47317448110128657
Evening Ride,5.71,23.67,55.0,14.5,Ride,2023-08-02 19:26:29,< 20 km/h,Beginner,0.03337378640776699,0.0350235556657575,0.16209010930418555,0.059611981764447854
Canceled meeting ,65.24,128.55,396.0,30.45,Ride,2023-07-21 06:32:07,> 30 km/h,Advanced,0.24029126213592233,0.4040416563352343,0.5873100506531592,0.3588201380991633
baby girl new hard tail ,17.17,70.35,113.0,14.64,Ride,2023-07-15 07:50:04,< 20 km/h,Beginner,0.06856796116504854,0.1060624845028515,0.16582244734737406,0.09926721540285452
Morning Ride,7.24,34.52,39.0,12.59,Ride,2023-07-12 09:23:39,< 20 km/h,Beginner,0.02366504854368932,0.04450781056285644,0.1111703545721141,0.04741893835512442
Afternoon Ride,6.23,25.73,33.0,14.52,Ride,2023-07-09 15:53:46,< 20 km/h,Beginner,0.020024271844660196,0.03824696255888917,0.16262330045321247,0.05401088478063935
Goooof balling ,70.63,142.45,631.0,29.76,Ride,2023-07-08 07:23:45,20–30 km/h,Intermediate,0.38288834951456313,0.43745350855442594,0.5689149560117304,0.43646321852595543
what can I climb in less than 2 hrs,56.63,121.47,730.0,27.97,Ride,2023-06-24 06:59:46,20–30 km/h,Intermediate,0.4429611650485437,0.3506694768162658,0.5211943481738203,0.4309202952039156
Woke up and body said fruku ,56.1,123.07,505.0,27.34,Ride,2023-06-10 07:02:59,20–30 km/h,Intermediate,0.30643203883495146,0.3473840813290355,0.5043988269794722,0.3583110092120808
Afternoon Ride,5.76,24.5,34.0,14.11,Ride,2023-06-09 14:17:47,< 20 km/h,Beginner,0.02063106796116505,0.03533349863625093,0.1516928818981605,0.05125415995108991
Morning Ride,5.99,24.37,26.0,14.74,Ride,2023-06-03 10:45:27,< 20 km/h,Beginner,0.015776699029126214,0.036759236300520706,0.16848840309250868,0.05261380102322105
Yorba ,73.79,156.53,685.0,28.29,Ride,2023-06-03 06:06:11,20–30 km/h,Intermediate,0.41565533980582525,0.4570419042896108,0.5297254065582511,0.45088532250144603
Stroll ,9.56,35.95,0.0,15.96,Ride,2023-05-29 09:02:05,< 20 km/h,Beginner,0.0,0.05888916439375155,0.2010130631831512,0.05786936195475571
70 miles solo w/ stroll ,104.08,215.63,348.0,28.95,Ride,2023-05-29 06:07:32,20–30 km/h,Intermediate,0.2111650485436893,0.6448053558145301,0.5473207144761397,0.4084882739114316
Morning Ride,4.44,10.32,18.0,25.8,Ride,2023-05-27 09:18:06,20–30 km/h,Intermediate,0.010922330097087379,0.027151004215224404,0.4633431085043989,0.1062750880139908
💩🤒,64.87,120.13,174.0,32.4,Ride,2023-05-27 07:08:51,> 30 km/h,Advanced,0.10558252427184465,0.40174807835358295,0.6392961876832844,0.30117492317865413
High viz long sleeve yay ,64.68,129.98,356.0,29.85,Ride,2023-05-19 07:48:06,20–30 km/h,Intermediate,0.21601941747572814,0.40057029506570796,0.5713143161823514,0.34244366049404673
took it chill then tried to get sautéed last half ,67.59,121.9,189.0,33.27,Ride,2023-05-13 07:30:48,> 30 km/h,Advanced,0.11468446601941748,0.4186089759484255,0.6624900026659558,0.3154229263274275
rush hour riding = two thumbs down ,58.06,122.03,476.0,28.55,Ride,2023-05-03 07:42:29,20–30 km/h,Intermediate,0.28883495145631066,0.3595338457723779,0.5366568914956013,0.35960900775898896
Chill bill vol 3,33.07,80.78,252.0,24.57,Ride,2023-04-29 07:38:15,20–30 km/h,Intermediate,0.1529126213592233,0.20462434911976196,0.43055185283924285,0.22395398598338884
Mystical Friday ,76.23,160.13,688.0,28.57,Ride,2023-04-28 07:43:41,20–30 km/h,Intermediate,0.4174757281553398,0.47216712124969007,0.5371900826446281,0.4578260169815025
EVCH_LOOP,36.6,70.72,120.0,31.04,Ride,2023-04-23 08:12:36,> 30 km/h,Advanced,0.07281553398058252,0.22650632283659808,0.6030391895494535,0.22496750175116137
Morning Ride,0.13,0.65,5.0,11.8,Ride,2023-04-15 08:39:57,< 20 km/h,Beginner,0.003033980582524272,0.00043392015869080097,0.09010930418555055,0.019669027175979487
TT to F-town ,50.81,91.45,302.0,33.33,Ride,2023-04-15 07:01:03,> 30 km/h,Advanced,0.18325242718446602,0.3145921150508307,0.6640895761130364,0.3188217633300895
1975,31.78,60.77,102.0,31.38,Ride,2023-04-05 08:02:27,> 30 km/h,Advanced,0.061893203883495146,0.1966278204810315,0.6121034390829113,0.21235563590263928
Chiwah b4 mx ,56.62,123.17,530.0,27.58,Ride,2023-03-28 08:34:55,20–30 km/h,Intermediate,0.32160194174757284,0.3506074882221671,0.5107971207677952,0.3681426414939956
He has an e bike ,10.67,37.5,227.0,17.06,Ride,2023-03-27 17:31:35,< 20 km/h,Beginner,0.13774271844660194,0.06576989833870568,0.23033857637963207,0.1346700440008391
Morning Ride,0.72,2.05,0.0,21.11,Ride,2023-03-25 10:21:13,20–30 km/h,Intermediate,0.0,0.004091247210513265,0.33830978405758466,0.06888933097467091
careless whisper ,64.49,125.03,376.0,30.95,Ride,2023-03-25 08:09:33,> 30 km/h,Advanced,0.22815533980582525,0.39939251177783286,0.6006398293788324,0.3540233893120289
I miss the sun,29.18,60.93,156.0,28.73,Ride,2023-03-18 07:00:40,20–30 km/h,Intermediate,0.09466019417475728,0.18051078601537318,0.5414556118368435,0.2097744552593593
Green Day ,61.24,137.67,723.0,26.68,Ride,2023-02-26 08:22:31,20–30 km/h,Intermediate,0.4387135922330097,0.37924621869576,0.48680351906158353,0.4304913655375496
Rodeo circle ,82.51,166.93,732.0,29.66,Ride,2023-02-17 07:35:59,20–30 km/h,Intermediate,0.4441747572815534,0.5110959583436648,0.5662490002665956,0.4886659661971953
CD,1.92,4.9,1.0,23.54,Ride,2023-02-04 10:42:53,20–30 km/h,Intermediate,0.0006067961165048543,0.011529878502355565,0.4030925086643562,0.08438086334183034
rodeo circle ,81.66,157.45,741.0,31.12,Ride,2023-02-04 07:07:20,> 30 km/h,Advanced,0.4496359223300971,0.5058269278452765,0.6051719541455612,0.49760043034774376
Laptop restart ,5.63,13.18,0.0,25.64,Ride,2023-02-02 12:31:43,20–30 km/h,Intermediate,0.0,0.034527646912968016,0.4590775793121834,0.1021738099363271
w/ the council ,69.6,122.43,172.0,34.12,Ride,2023-01-27 07:31:23,> 30 km/h,Advanced,0.10436893203883495,0.43106868336226134,0.6851506264996,0.31853519632801586
Chill MCC,54.65,130.15,319.0,25.2,Ride,2023-01-21 09:47:29,20–30 km/h,Intermediate,0.19356796116504854,0.338395735184726,0.4473473740335911,0.2877721759446603
Morning Ride,0.95,2.63,0.0,21.73,Ride,2023-01-14 09:59:58,20–30 km/h,Intermediate,0.0,0.005516984874783039,0.3548387096774194,0.07262283739791878
As planned 🌦️,67.66,128.33,388.0,31.62,Ride,2023-01-14 07:33:20,> 30 km/h,Advanced,0.2354368932038835,0.41904289610711626,0.6185017328712344,0.3671316620083235
Afternoon Ride,9.82,49.4,41.0,11.93,Ride,2023-01-11 15:09:02,< 20 km/h,Beginner,0.02487864077669903,0.060500867840317385,0.09357504665422554,0.049304590071289844
Morning Ride,3.77,9.43,11.0,23.98,Ride,2023-01-09 10:04:36,20–30 km/h,Intermediate,0.006674757281553398,0.02299776841061245,0.41482271394294856,0.09320125195255016
Woke up and chose cardiac violence ,34.15,60.35,100.0,33.94,Ride,2023-01-09 08:57:02,> 30 km/h,Advanced,0.06067961165048544,0.21131911728242003,0.6803519061583577,0.2298059222416403
Feeling mad frail ,43.48,90.73,412.0,28.76,Ride,2023-01-06 10:12:32,20–30 km/h,Intermediate,0.25,0.2691544755764939,0.5422553985603841,0.314197422385025
Lunch Ride,1.29,3.0,0.0,25.75,Ride,2022-12-28 11:02:37,20–30 km/h,Intermediate,0.0,0.007624597074138359,0.4620101306318315,0.0946894052486078
moral support ,69.57,176.05,1155.0,23.71,Ride,2022-12-23 08:34:31,20–30 km/h,Intermediate,0.7008495145631068,0.43088271757996527,0.40762463343108507,0.56121449924176
Fam ride,66.27,148.22,364.0,26.83,Ride,2022-12-17 08:06:34,20–30 km/h,Intermediate,0.220873786407767,0.4104264815273989,0.49080245267928546,0.3317253281979603
Slugged up Skyline ,56.71,152.58,1087.0,22.31,Ride,2022-12-10 08:36:36,20–30 km/h,Intermediate,0.6595873786407767,0.3511653855690553,0.3703012529992002,0.509203555590945
Lunch Ride,0.64,1.7,0.0,22.47,Ride,2022-12-03 11:36:23,20–30 km/h,Intermediate,0.0,0.0035953384577237795,0.3745667821914156,0.07599195797560025
Rodeo Circle,85.89,173.12,771.0,29.77,Ride,2022-12-03 07:57:59,20–30 km/h,Intermediate,0.4678398058252427,0.5320481031490206,0.5691815515862437,0.5073706441745762
Ninja turtle ,29.72,65.97,91.0,27.04,Ride,2022-11-27 06:51:44,20–30 km/h,Intermediate,0.05521844660194175,0.18385817009670222,0.4964009597440682,0.18204686627879518
Heart and lungs said 🥴,65.26,126.92,646.0,30.85,Ride,2022-11-26 08:35:53,> 30 km/h,Advanced,0.3919902912621359,0.4041656335234317,0.5979738736336977,0.436839610414837
Morning Ride,1.27,4.32,24.0,17.73,Ride,2022-11-24 07:28:49,< 20 km/h,Beginner,0.014563106796116505,0.007500619885940987,0.24820047987203414,0.05917183533824738
Family ride <3 ,27.41,73.67,272.0,22.32,Ride,2022-11-12 09:30:18,20–30 km/h,Intermediate,0.1650485436893204,0.1695388048599058,0.3705678485737137,0.2074994830173747
Afternoon Ride,38.48,81.23,343.0,28.42,Ride,2022-11-11 15:08:15,20–30 km/h,Intermediate,0.20813106796116504,0.238160178527151,0.5331911490269262,0.28215181734411304
Crispy spicy nippy morning  ,75.17,146.73,535.0,30.74,Ride,2022-11-05 08:07:37,> 30 km/h,Advanced,0.3246359223300971,0.4655963302752294,0.5950413223140496,0.4210051247104273
Evening Ride,3.48,8.23,3.0,25.33,Ride,2022-10-30 18:10:45,20–30 km/h,Intermediate,0.0018203883495145632,0.02120009918175056,0.450813116502266,0.09743284722973566
Evening outing ,29.45,56.38,151.0,31.33,Ride,2022-10-30 17:07:50,> 30 km/h,Advanced,0.09162621359223301,0.1821844780560377,0.6107704612103438,0.22262254245499657
With Kohl ,57.71,137.35,529.0,25.22,Ride,2022-10-28 07:17:24,20–30 km/h,Intermediate,0.32099514563106796,0.3573642449789239,0.44788056518261793,0.35728295934573473
Burger Day ,95.02,166.73,221.0,34.18,Ride,2022-10-22 07:30:34,> 30 km/h,Advanced,0.1341019417475728,0.5886436895611208,0.6867501999466809,0.38099411773145886
Morning Ride,2.16,4.95,4.0,26.1,Ride,2022-10-16 10:32:38,20–30 km/h,Intermediate,0.0024271844660194173,0.013017604760724028,0.4713409757398027,0.09938706880918746
Sometimes chillin sometimes villain ,31.29,60.07,223.0,31.25,Ride,2022-10-16 09:26:13,> 30 km/h,Advanced,0.13531553398058252,0.1935903793701959,0.6086376966142362,0.24746242012419728
OOBER ,61.15,133.95,136.0,27.39,Ride,2022-10-08 06:49:42,20–30 km/h,Intermediate,0.0825242718446602,0.3786883213488718,0.5057318048520395,0.2560149932973995
Evening Ride,4.92,23.4,20.0,12.62,Ride,2022-10-05 18:28:26,< 20 km/h,Beginner,0.012135922330097087,0.03012645673196132,0.11197014129565448,0.03749992644376784
With pawpaw,11.89,54.58,207.0,13.07,Ride,2022-10-04 17:32:26,< 20 km/h,Beginner,0.12560679611650485,0.07333250681874535,0.12396694214876035,0.10959653853362811
‘Twas a noodle y morning ,65.37,131.23,691.0,29.89,Ride,2022-10-01 07:03:57,20–30 km/h,Intermediate,0.4192961165048544,0.40484750805851727,0.5723806984804052,0.4455784503660634
Morning Ride,1.67,4.37,8.0,22.9,Ride,2022-09-17 09:34:32,20–30 km/h,Intermediate,0.0048543689320388345,0.00998016364988842,0.38603039189549454,0.08262731194008485
RODEO CIRCLE ,80.63,158.18,697.0,30.58,Ride,2022-09-17 06:25:24,> 30 km/h,Advanced,0.4229368932038835,0.4994421026531118,0.5907757931218341,0.47945623602224213
Morning Ride,2.43,5.48,4.0,26.52,Ride,2022-09-10 07:19:03,20–30 km/h,Intermediate,0.0024271844660194173,0.014691296801388545,0.48253798986936824,0.10212857924729993
Time is enemy ,35.73,63.13,119.0,33.96,Ride,2022-09-10 06:12:38,> 30 km/h,Advanced,0.07220873786407767,0.22111331515001237,0.6808850973073847,0.23861538293851947
Extra Sunscreen ,59.32,129.58,626.0,27.47,Ride,2022-09-03 07:20:25,20–30 km/h,Intermediate,0.37985436893203883,0.3673444086288123,0.5078645694481471,0.4017034209442925
999,50.02,101.0,371.0,29.72,Ride,2022-08-27 06:38:46,20–30 km/h,Intermediate,0.22512135922330098,0.3096950161170345,0.5678485737136763,0.3190388991894961
Morning Ride,28.6,61.52,98.0,27.89,Ride,2022-08-21 08:57:23,20–30 km/h,Intermediate,0.05946601941747573,0.17691544755764943,0.5190615835777126,0.18661996069157522
Morning Ride,64.47,109.33,159.0,35.37,Ride,2022-08-12 07:54:09,> 30 km/h,Advanced,0.09648058252427184,0.3992685345896355,0.7184750733137829,0.31171586630178316
Afternoon Ride,0.16,1.0,0.0,9.66,Ride,2022-08-05 14:00:36,< 20 km/h,Beginner,0.0,0.0006198859409868585,0.03305785123966943,0.006797536030229943
Lunch Ride,2.14,5.0,0.0,25.75,Ride,2022-07-30 11:29:54,20–30 km/h,Intermediate,0.0,0.012893627572526656,0.4620101306318315,0.0962701143981243
High vis ,92.34,171.62,301.0,32.28,Ride,2022-07-30 07:24:24,> 30 km/h,Advanced,0.18264563106796117,0.5720307463426729,0.6360970407891229,0.39015144759460707
Morning Ride,71.66,152.72,1038.0,28.16,Ride,2022-07-22 07:35:44,20–30 km/h,Intermediate,0.6298543689320388,0.4438383337465906,0.5262596640895761,0.5533306174079118
It was Destiny ,32.41,62.43,156.0,31.14,Ride,2022-07-20 08:30:15,> 30 km/h,Advanced,0.09466019417475728,0.20053310190924867,0.6057051452945881,0.22863105671907086
Morning Ride,1.32,3.35,1.0,23.71,Ride,2022-07-20 08:00:02,20–30 km/h,Intermediate,0.0006067961165048543,0.0078105628564344165,0.40762463343108507,0.08417149360139978
Morning Ride,67.82,155.42,837.0,26.18,Ride,2022-07-15 06:37:41,20–30 km/h,Intermediate,0.5078883495145631,0.42003471361269523,0.4734737403359104,0.4746493369082722
Morning Stroll ,30.96,66.68,73.0,27.86,Ride,2022-07-12 07:40:38,20–30 km/h,Intermediate,0.04429611650485437,0.19154475576493926,0.5182617968541722,0.1832638443527434
Morning Ride,85.12,172.77,622.0,29.56,Ride,2022-07-09 06:30:20,20–30 km/h,Intermediate,0.3774271844660194,0.5272749814034218,0.563583044521461,0.45961269555832845
"Intervals for breakfast, dirt for dinner ",32.48,95.52,532.0,20.41,Ride,2022-07-06 17:53:47,20–30 km/h,Intermediate,0.32281553398058255,0.20096702206793948,0.3196480938416423,0.2856274923790016
Evening Ride,3.54,19.93,15.0,10.65,Ride,2022-07-04 19:32:17,< 20 km/h,Beginner,0.009101941747572815,0.021572030746342674,0.05945081311650228,0.022912742720989664
making space ,75.16,157.67,614.0,28.6,Ride,2022-07-04 07:28:52,20–30 km/h,Intermediate,0.3725728155339806,0.46553434168113067,0.5379898693681685,0.43354468414496317
Mav Ride,69.99,127.35,155.0,32.98,Ride,2022-07-01 07:46:32,> 30 km/h,Advanced,0.09405339805825243,0.43348623853211005,0.6547587310050652,0.30802431678977227
Morning Ride ,60.5,147.47,863.0,24.61,Ride,2022-06-17 07:32:20,20–30 km/h,Intermediate,0.5236650485436893,0.37465906273245725,0.4316182351372967,0.46055389011904113
Morning Ride,91.12,183.63,546.0,29.77,Ride,2022-06-04 06:27:24,20–30 km/h,Intermediate,0.3313106796116505,0.5644681378626333,0.5691815515862437,0.448832091481864
Morning Ride,50.73,93.25,368.0,32.64,Ride,2022-05-19 07:55:45,> 30 km/h,Advanced,0.22330097087378642,0.31409620629804114,0.6456944814716076,0.33501824362062704
Morning Ride ,88.55,152.45,601.0,34.86,Ride,2022-05-06 07:36:37,> 30 km/h,Advanced,0.36468446601941745,0.548537069179271,0.7048786990135963,0.4878790935662093
Morning Ride,34.6,121.22,511.0,17.12,Ride,2022-04-30 06:29:36,< 20 km/h,Beginner,0.3100728155339806,0.2141086040168609,0.23193814982671293,0.2656566189373911
SANTA CRUZ,20.66,84.1,99.0,14.74,Ride,2022-04-29 16:58:28,< 20 km/h,Beginner,0.060072815533980584,0.12769650384329284,0.16848840309250868,0.10204303953847987
Afternoon Ride,2.85,12.02,20.0,14.26,Ride,2022-04-29 14:38:31,< 20 km/h,Beginner,0.012135922330097087,0.01729481775353335,0.15569181551586245,0.04239476959428104
Morning Ride,2.03,4.47,4.0,27.29,Ride,2022-04-25 08:27:14,20–30 km/h,Intermediate,0.0024271844660194173,0.01221175303744111,0.5030658491069048,0.10549028796562301
Morning Ride,34.87,60.53,186.0,34.57,Ride,2022-04-25 07:18:48,> 30 km/h,Advanced,0.11286407766990292,0.21578229605752539,0.697147427352706,0.2605962131227503
Morning Ride,55.33,120.42,498.0,27.57,Ride,2022-04-23 08:00:16,20–30 km/h,Intermediate,0.30218446601941745,0.3426109595834366,0.5105305251932818,0.35598162592339605
Morning Ride,99.39,184.5,403.0,32.33,Ride,2022-04-16 08:00:43,> 30 km/h,Advanced,0.2445388349514563,0.6157327051822464,0.6374300186616901,0.43447523276274014
Morning Ride,47.94,116.37,693.0,24.72,Ride,2022-04-15 08:02:10,20–30 km/h,Intermediate,0.4205097087378641,0.29680138854450777,0.4345507864569448,0.3862054282236733
Morning Ride,53.74,121.18,266.0,26.6,Ride,2022-04-11 07:02:02,20–30 km/h,Intermediate,0.16140776699029127,0.3327547731217456,0.4846707544654759,0.2774644663247645
Morning Ride,64.7,130.55,923.0,29.74,Ride,2022-04-09 07:35:37,20–30 km/h,Intermediate,0.5600728155339806,0.4006942722539053,0.5683817648627033,0.5139210424157026
Evening Ride,4.31,21.53,43.0,12.02,Ride,2022-04-06 19:03:25,< 20 km/h,Beginner,0.026092233009708737,0.026345152491941484,0.0959744068248467,0.04014454361740616
Morning Ride ,59.18,120.95,365.0,29.35,Ride,2022-04-04 07:38:04,20–30 km/h,Intermediate,0.22148058252427186,0.3664765683114307,0.5579845374566782,0.3322801692469008
Morning 🛳,41.81,90.52,173.0,27.71,Ride,2022-04-01 07:01:54,20–30 km/h,Intermediate,0.1049757281553398,0.2588023803620134,0.5142628632364703,0.23298115083356802
Morning Ride,60.96,129.42,919.0,28.26,Ride,2022-03-30 07:46:17,20–30 km/h,Intermediate,0.5576456310679612,0.37751053806099677,0.5289256198347109,0.49786110091922176
Midterm season and new job training is killing me ,6.71,28.93,29.0,13.9,Ride,2022-03-24 18:49:52,< 20 km/h,Beginner,0.017597087378640776,0.04122241507562609,0.14609437483337778,0.05038414317868377
Morning Ride,82.09,182.3,495.0,27.02,Ride,2022-03-19 07:48:45,20–30 km/h,Intermediate,0.3003640776699029,0.50849243739152,0.4958677685950414,0.4019033237714157
Morning Ride,97.48,189.95,386.0,30.79,Ride,2022-03-12 07:03:34,> 30 km/h,Advanced,0.2342233009708738,0.6038928837093975,0.5963743001866169,0.4175543756355795
Morning Ride,42.89,82.57,219.0,31.17,Ride,2022-03-09 07:23:34,> 30 km/h,Advanced,0.1328883495145631,0.26549714852467143,0.6065049320181285,0.2673943057183087
Lunch Ride,2.46,7.08,9.0,20.84,Ride,2022-03-05 11:16:42,20–30 km/h,Intermediate,0.0054611650485436895,0.014877262583684603,0.33111170354572117,0.07341610200852146
Morning Ride ,72.52,131.95,338.0,32.98,Ride,2022-03-05 08:57:57,> 30 km/h,Advanced,0.20509708737864077,0.4491693528390776,0.6547587310050652,0.3682510957420567
Morning Ride,32.4,70.13,112.0,27.71,Ride,2022-03-02 07:31:09,20–30 km/h,Intermediate,0.06796116504854369,0.20047111331515,0.5142628632364703,0.1969744891661109
Morning Ride,59.88,141.0,1042.0,25.48,Ride,2022-02-25 08:39:35,20–30 km/h,Intermediate,0.6322815533980582,0.3708157698983387,0.4548120501199681,0.5183479176925243
Morning Ride,29.68,72.0,78.0,24.74,Ride,2022-02-19 09:19:07,20–30 km/h,Intermediate,0.04733009708737864,0.18361021572030747,0.4350839776059718,0.16576490878097594
Morning Ride,57.26,123.72,437.0,27.78,Ride,2022-02-11 07:04:09,20–30 km/h,Intermediate,0.2651699029126214,0.354574758244483,0.5161290322580645,0.34218318538126846
Morning Ride,63.63,133.35,281.0,28.63,Ride,2022-02-05 06:50:24,20–30 km/h,Intermediate,0.17050970873786409,0.3940614926853459,0.5387896560917089,0.3112312333928776
Morning Ride,66.92,146.05,416.0,27.49,Ride,2022-01-31 07:35:15,20–30 km/h,Intermediate,0.2524271844660194,0.41445574014381353,0.5083977605971741,0.3522298663955886
Afternoon Ride,2.27,10.58,13.0,12.87,Ride,2022-01-30 17:21:36,< 20 km/h,Beginner,0.007888349514563107,0.013699479295809572,0.11863503065849106,0.03178102467772264
Morning Ride,26.68,59.95,75.0,26.7,Ride,2022-01-29 08:06:00,20–30 km/h,Intermediate,0.04550970873786408,0.16501363749070172,0.48733671021061054,0.16972628765826467
Morning Ride,2.93,6.58,7.0,26.65,Ride,2022-01-19 09:57:02,20–30 km/h,Intermediate,0.00424757281553398,0.017790726506322838,0.4860037323380431,0.10466175082727247
Morning Ride,46.93,90.37,314.0,31.16,Ride,2022-01-19 08:16:44,> 30 km/h,Advanced,0.19053398058252427,0.2905405405405405,0.6062383364436151,0.30367681974214733
Morning Ride,65.0,146.73,548.0,26.59,Ride,2022-01-15 08:00:21,20–30 km/h,Intermediate,0.3325242718446602,0.40255393007686585,0.4844041588909625,0.38390914672358234
Afternoon Ride,49.29,126.97,670.0,23.3,Ride,2022-01-12 14:59:34,20–30 km/h,Intermediate,0.4065533980582524,0.3051698487478304,0.3966942148760331,0.37416649662868195
Morning Ride,18.25,45.4,64.0,24.12,Ride,2021-12-29 09:59:02,20–30 km/h,Intermediate,0.038834951456310676,0.11275725266550955,0.41855505198613707,0.1369556619250356
Morning Ride,27.58,61.72,93.0,26.83,Ride,2021-12-25 09:58:04,20–30 km/h,Intermediate,0.05643203883495146,0.17059261095958345,0.49080245267928546,0.17755429324120786
Morning Ride,69.54,150.65,548.0,27.7,Ride,2021-12-20 10:03:33,20–30 km/h,Intermediate,0.3325242718446602,0.43069675179766925,0.5139962676619568,0.39827041499402227
Morning Ride,66.82,139.72,252.0,28.69,Ride,2021-12-18 09:20:47,20–30 km/h,Intermediate,0.1529126213592233,0.41383585420282665,0.5403892295387898,0.3086849128482176
Lunch Ride,29.03,61.4,86.0,28.37,Ride,2021-12-12 11:05:06,20–30 km/h,Intermediate,0.05218446601941747,0.1795809571038929,0.531858171154359,0.1863381543717484
Chill Bill vol 1 ,55.84,121.7,435.0,27.54,Ride,2021-12-11 08:37:44,20–30 km/h,Intermediate,0.26395631067961167,0.3457723778824697,0.5097307384697414,0.337656016398495
Morning Ride,28.28,61.9,92.0,27.41,Ride,2021-12-03 07:04:10,20–30 km/h,Intermediate,0.055825242718446605,0.17493181254649146,0.5062649960010664,0.18164516432338404
Night Ride,1.61,10.0,0.0,9.66,Ride,2021-11-29 22:05:54,< 20 km/h,Beginner,0.0,0.009608232085296306,0.03305785123966943,0.009494039873522778
Lunch Ride,1.61,5.0,0.0,19.31,Ride,2021-11-29 11:58:38,< 20 km/h,Beginner,0.0,0.009608232085296306,0.29032258064516125,0.060946985754621145
Afternoon Ride,6.26,22.7,49.0,16.56,Ride,2021-11-26 15:54:15,< 20 km/h,Beginner,0.029733009708737865,0.038432928341185224,0.21700879765395892,0.06979814288751629
Morning Ride,32.32,78.98,485.0,24.56,Ride,2021-11-26 10:07:52,20–30 km/h,Intermediate,0.2942961165048544,0.1999752045623605,0.43028525726472944,0.29319767107408123
Morning Ride,1.08,4.08,7.0,15.9,Ride,2021-11-26 06:59:30,< 20 km/h,Beginner,0.00424757281553398,0.006322836598065956,0.1994134897360704,0.043903335334400856
Morning Ride,29.02,61.25,99.0,28.44,Ride,2021-11-24 10:08:01,20–30 km/h,Intermediate,0.060072815533980584,0.1795189685097942,0.5337243401759532,0.19063696635511918
Morning Ride,18.31,60.52,444.0,18.17,Ride,2021-11-20 06:35:49,< 20 km/h,Beginner,0.26941747572815533,0.11312918423010167,0.25993068515062656,0.22063363016323348
Afternoon Ride,3.33,18.93,64.0,10.54,Ride,2021-11-19 16:11:02,< 20 km/h,Beginner,0.038834951456310676,0.02027027027027027,0.05651826179685415,0.03680220916860725
Morning Ride,65.36,125.57,351.0,31.22,Ride,2021-11-17 06:45:14,> 30 km/h,Advanced,0.21298543689320387,0.40478551946441854,0.6078379098906957,0.34949595626406665
racing my girlfriend's 4 year old cousin ,14.48,33.33,38.0,26.06,Ride,2021-11-14 15:48:38,20–30 km/h,Intermediate,0.023058252427184466,0.08938755269030499,0.47027459344174893,0.13240031070903352
Morning Ride,71.73,138.93,173.0,30.98,Ride,2021-11-13 08:26:16,> 30 km/h,Advanced,0.1049757281553398,0.44427225390528147,0.6014396161023728,0.3060574634697289
Afternoon Ride,5.15,24.25,0.0,12.75,Ride,2021-11-10 16:41:44,< 20 km/h,Beginner,0.0,0.0315521943962311,0.11543588376432952,0.03255283507173524
Morning Ride,64.99,141.33,345.0,27.58,Ride,2021-11-10 06:32:24,20–30 km/h,Intermediate,0.20934466019417475,0.4024919414827671,0.5107971207677952,0.32757933669547656
Morning Ride,26.92,62.23,79.0,25.96,Ride,2021-11-03 07:01:58,20–30 km/h,Intermediate,0.047936893203883495,0.1665013637490702,0.46760863769661426,0.16744058326598565
Morning Ride,98.33,198.83,733.0,29.68,Ride,2021-10-30 07:11:46,20–30 km/h,Intermediate,0.44478155339805825,0.6091619142077858,0.5667821914156225,0.5184957892444894
Morning Ride,56.54,121.63,317.0,27.89,Ride,2021-10-27 07:02:47,20–30 km/h,Intermediate,0.19235436893203883,0.35011157946937765,0.5190615835777126,0.30502297502237524
Morning Ride,28.65,62.45,87.0,27.52,Ride,2021-10-23 07:04:03,20–30 km/h,Intermediate,0.05279126213592233,0.17722539052814282,0.5091975473207145,0.18140275769054692
Morning Ride,58.32,122.93,309.0,28.47,Ride,2021-10-20 06:59:09,20–30 km/h,Intermediate,0.1875,0.3611455492189437,0.5345241268994935,0.3089984901455818
Morning Ride,10.14,23.62,40.0,25.75,Ride,2021-10-19 09:21:54,20–30 km/h,Intermediate,0.024271844660194174,0.06248450285147533,0.4620101306318315,0.12328329931190599
Lunch Ride,5.5,20.32,23.0,16.25,Ride,2021-10-18 11:30:01,< 20 km/h,Beginner,0.013956310679611651,0.0337217951896851,0.2087443348440416,0.05884356086551967
Afternoon Ride,1.72,8.0,0.0,12.87,Ride,2021-10-16 17:48:00,< 20 km/h,Beginner,0.0,0.01029010662038185,0.11863503065849106,0.02681403811781277
Morning Ride,5.73,30.25,12.0,11.35,Ride,2021-10-16 10:13:29,< 20 km/h,Beginner,0.007281553398058253,0.03514753285395488,0.07811250333244468,0.02980753722170453
Morning Ride,25.83,63.57,169.0,24.38,Ride,2021-10-16 06:42:28,20–30 km/h,Intermediate,0.10254854368932038,0.1597446069923134,0.4254865369234871,0.18429496132705164
Afternoon Ride,33.18,69.07,198.0,28.82,Ride,2021-10-15 16:52:59,20–30 km/h,Intermediate,0.12014563106796117,0.2053062236548475,0.5438549720074647,0.23043567703192777
Afternoon Ride,4.96,20.18,31.0,14.76,Ride,2021-10-13 16:57:17,< 20 km/h,Beginner,0.018810679611650484,0.030374411108356068,0.1690215942415356,0.05232198198663918
Morning Ride,49.08,100.95,390.0,29.18,Ride,2021-10-13 07:00:14,20–30 km/h,Intermediate,0.2366504854368932,0.303868088271758,0.5534524126899493,0.3201761517379639
Bonaparte,36.93,75.0,0.0,29.55,Ride,2021-10-12 16:03:09,20–30 km/h,Intermediate,0.0,0.2285519464418547,0.5633164489469475,0.1812288737219459
Kingsbury,31.64,60.0,0.0,31.64,Ride,2021-10-11 17:04:04,> 30 km/h,Advanced,0.0,0.1957599801636499,0.6190349240202613,0.18253497885314723
Morning Ride,32.85,89.17,630.0,22.1,Ride,2021-10-10 09:38:44,20–30 km/h,Intermediate,0.38228155339805825,0.20326060004959087,0.36470274593441754,0.3250595059007899
Morning Ride,35.9,67.15,145.2,32.07,Ride,2021-10-09 07:03:19,> 30 km/h,Advanced,0.08810679611650485,0.22216712124969004,0.6304985337243402,0.23680324117802748
Pettit -1,29.29,60.0,0.0,29.29,Ride,2021-10-08 08:45:02,20–30 km/h,Intermediate,0.0,0.18119266055045874,0.5563849640095974,0.1656347909670571
Recess,28.86,60.0,0.0,28.87,Ride,2021-10-07 15:59:26,20–30 km/h,Intermediate,0.0,0.17852715100421523,0.545187949880032,0.162595735277271
Hardman Gravel,97.27,235.62,1504.0,24.77,Ride,2021-10-03 07:08:24,20–30 km/h,Intermediate,0.912621359223301,0.6025911232333251,0.4358837643295122,0.7242647694475505
Truuli -2,20.05,40.0,0.0,30.06,Ride,2021-10-02 08:27:34,> 30 km/h,Advanced,0.0,0.12391519960327302,0.5769128232471341,0.15255712453040873
Lunch Ride,4.67,15.33,27.0,18.28,Ride,2021-09-30 11:16:50,< 20 km/h,Beginner,0.016383495145631068,0.028576741879494175,0.26286323647027465,0.06933741743071872
Genevra -5,21.18,31.03,0.0,40.96,Ride,2021-09-30 07:59:44,> 30 km/h,Advanced,0.0,0.1309199107364245,0.8675019994668088,0.21277637311428912
Gendarme -6,18.94,31.32,0.0,36.31,Ride,2021-09-28 14:24:16,> 30 km/h,Advanced,0.0,0.11703446565831889,0.7435350573180486,0.1838173511611054
Lazy Mountain -2,22.19,45.0,0.0,29.58,Ride,2021-09-27 16:01:57,20–30 km/h,Intermediate,0.0,0.1371807587403918,0.5641162356704879,0.15397747475621512
Morning Ride,45.88,123.15,943.0,22.35,Ride,2021-09-26 07:35:57,20–30 km/h,Intermediate,0.5722087378640777,0.2840317381601785,0.37136763529725414,0.4455874174395432
Robion,45.93,90.0,0.0,30.63,Ride,2021-09-25 08:06:03,> 30 km/h,Advanced,0.0,0.28434168113067193,0.5921087709944015,0.20372425853808188
Peavine,14.42,30.03,0.0,28.81,Ride,2021-09-24 11:05:40,20–30 km/h,Intermediate,0.0,0.08901562112571287,0.5435883764329512,0.1354223616243041
Morning Ride,16.7,68.27,57.0,14.68,Ride,2021-09-22 09:59:35,< 20 km/h,Beginner,0.0345873786407767,0.10314902058021325,0.1668888296454279,0.0816161614235379
Lazy Mountain +1,29.77,60.0,0.0,29.77,Ride,2021-09-21 16:01:35,20–30 km/h,Intermediate,0.0,0.18416811306719566,0.5691815515862437,0.16908674423740744
Yarlside,42.12,75.0,0.0,33.7,Ride,2021-09-20 15:13:35,> 30 km/h,Advanced,0.0,0.26072402677907264,0.6739536123700347,0.21300793050772873
Morning Ride,69.57,181.82,1202.0,22.95,Ride,2021-09-18 06:52:59,20–30 km/h,Intermediate,0.7293689320388349,0.43088271757996527,0.38736336976806185,0.5714219552470194
Morning Ride,32.86,72.27,106.0,27.29,Ride,2021-09-17 06:54:26,20–30 km/h,Intermediate,0.06432038834951456,0.20332258864368954,0.5030658491069048,0.1937701405892451
Heng Shan,53.33,100.0,0.0,31.99,Ride,2021-09-16 10:20:21,> 30 km/h,Advanced,0.0,0.33021324076369946,0.6283657691282325,0.22473712605475632
Evening Ride,9.38,32.12,28.0,17.54,Ride,2021-09-14 18:09:49,< 20 km/h,Beginner,0.01699029126213592,0.05777336969997521,0.24313516395627832,0.07445418933231619
Lazy Mountain,28.69,60.0,0.0,28.69,Ride,2021-09-14 08:14:28,20–30 km/h,Intermediate,0.0,0.1774733449045376,0.5403892295387898,0.16131984937911922
Gendarme +7,47.6,75.0,0.0,38.08,Ride,2021-09-13 08:00:38,> 30 km/h,Advanced,0.0,0.2946937763451525,0.7907224740069314,0.24655262770493203
Morning Ride  ,37.37,93.65,413.0,23.95,Ride,2021-09-11 06:56:03,20–30 km/h,Intermediate,0.2506067961165049,0.23127944458219685,0.41402292721940814,0.27749181687679314
Boarstone -2,61.64,120.0,0.0,30.82,Ride,2021-09-10 07:57:14,> 30 km/h,Advanced,0.0,0.3817257624597074,0.5971740869101573,0.23395254611994368
Afternoon Ride,6.53,20.53,29.0,19.09,Ride,2021-09-09 16:11:07,< 20 km/h,Beginner,0.017597087378640776,0.04010662038184974,0.2844574780058651,0.07772202540504834
Whorl,39.57,75.0,0.0,31.66,Ride,2021-09-08 07:06:03,> 30 km/h,Advanced,0.0,0.24491693528390776,0.6195681151692882,0.19738870361903
Lazy Mountain,21.45,40.05,0.0,32.14,Ride,2021-09-07 16:01:00,> 30 km/h,Advanced,0.0,0.13259360277708904,0.6323647027459344,0.16625102138231357
Pettit,32.64,60.0,0.0,32.64,Ride,2021-09-06 07:31:15,> 30 km/h,Advanced,0.0,0.20195883957351848,0.6456944814716076,0.18972654816637707
Gibbs -1,62.59,120.0,0.0,31.3,Ride,2021-09-05 13:34:48,> 30 km/h,Advanced,0.0,0.3876146788990826,0.6099706744868036,0.2382785385670855
Recess,31.43,60.0,0.0,31.43,Ride,2021-09-04 06:57:22,> 30 km/h,Advanced,0.0,0.1944582196875775,0.6134364169554786,0.18102474929736898
Morning Ride,82.9,180.83,922.0,27.5,Ride,2021-09-03 06:27:50,20–30 km/h,Intermediate,0.5594660194174758,0.5135135135135136,0.5086643561716875,0.5355199349971295
Warlow +1,30.56,57.32,0.0,31.99,Ride,2021-09-01 08:00:05,> 30 km/h,Advanced,0.0,0.18906521200099183,0.6283657691282325,0.18239271742594404
Lazy Mountain +1,18.38,40.2,0.0,27.42,Ride,2021-08-31 07:06:27,20–30 km/h,Intermediate,0.0,0.11356310438879247,0.5065315915755799,0.13537524963175374
Bluebell +2,42.81,90.0,0.0,28.53,Ride,2021-08-30 16:28:56,20–30 km/h,Intermediate,0.0,0.265001239771882,0.5361237003465743,0.1867251120008795
Morning Ride,28.2,63.75,87.0,26.54,Ride,2021-08-29 06:29:13,20–30 km/h,Intermediate,0.05279126213592233,0.17443590379370197,0.4830711810183951,0.17534063840975078
Morning Ride,67.32,210.82,1648.0,19.15,Ride,2021-08-28 06:14:16,< 20 km/h,Beginner,1.0,0.4169352839077609,0.28605705145294585,0.6822919954629174
Standing,42.95,90.0,0.0,28.63,Ride,2021-08-26 16:59:30,20–30 km/h,Intermediate,0.0,0.2658690800892636,0.5387896560917089,0.18751865524512085
Evening Ride,4.76,23.38,34.0,12.21,Ride,2021-08-25 19:19:31,< 20 km/h,Beginner,0.02063106796116505,0.029134639226382347,0.10103972274060254,0.03926387029661774
Reinstein,47.04,90.0,0.0,31.37,Ride,2021-08-25 08:00:43,> 30 km/h,Advanced,0.0,0.2912224150756261,0.6118368435083978,0.2097340932243674
Lazy Mountain,28.68,60.0,0.0,28.68,Ride,2021-08-24 08:00:35,20–30 km/h,Intermediate,0.0,0.1774113563104389,0.5401226339642762,0.1612479336859869
Taylor +1,48.07,90.0,0.0,32.06,Ride,2021-08-23 08:01:08,> 30 km/h,Advanced,0.0,0.29760724026779073,0.6302319381498268,0.21532855971030257
Recess,29.77,60.0,0.0,29.77,Ride,2021-08-22 11:09:59,20–30 km/h,Intermediate,0.0,0.18416811306719566,0.5691815515862437,0.16908674423740744
McGregor -5,13.08,31.02,0.0,25.31,Ride,2021-08-22 10:32:09,20–30 km/h,Intermediate,0.0,0.08070914951648897,0.4502799253532392,0.11426872992559453
Afternoon Ride,4.6,25.62,14.0,10.78,Ride,2021-08-21 17:40:37,< 20 km/h,Beginner,0.00849514563106796,0.028142821720803374,0.06291655558517728,0.02527373044881045
Morning Ride ,90.14,182.87,451.0,29.58,Ride,2021-08-21 06:37:02,20–30 km/h,Intermediate,0.27366504854368934,0.5583932556409621,0.5641162356704879,0.4171737480982309
Joe Devel +2,47.65,90.0,0.0,31.77,Ride,2021-08-19 16:03:36,> 30 km/h,Advanced,0.0,0.2950037193156459,0.6225006664889363,0.21300124909248103
Afternoon Ride,7.89,32.43,34.0,14.58,Ride,2021-08-18 16:58:08,< 20 km/h,Beginner,0.02063106796116505,0.04853706917927102,0.16422287390029328,0.05772122951442249
Starlight -2,60.74,90.0,0.0,40.49,Ride,2021-08-18 08:53:58,> 30 km/h,Advanced,0.0,0.3761467889908257,0.8549720074646762,0.28383843819018295
Bald Knob -2,37.26,60.0,0.0,37.26,Ride,2021-08-17 11:32:29,> 30 km/h,Advanced,0.0,0.23059757004711132,0.7688616368968274,0.22295159839349887
Ramp Test,17.41,25.15,0.0,41.54,Ride,2021-08-16 07:58:06,> 30 km/h,Advanced,0.0,0.10755021076121996,0.8829645427885897,0.20885797178608392
Afternoon Ride,22.0,51.63,74.0,25.56,Ride,2021-08-14 17:32:28,20–30 km/h,Intermediate,0.044902912621359224,0.13600297545251674,0.45694481471607573,0.1546413118896498
Fletcher -1,68.9,90.0,0.0,45.93,Ride,2021-08-14 09:03:11,> 30 km/h,Advanced,0.0,0.42672948177535336,1.0,0.328018844532606
Morning Ride,29.8,88.63,490.0,20.18,Ride,2021-08-11 09:11:04,20–30 km/h,Intermediate,0.2973300970873786,0.1843540788494917,0.31351639562783257,0.26667455132410334
Last day of dog sitting ,32.93,70.0,82.0,28.23,Ride,2021-08-10 07:02:05,20–30 km/h,Intermediate,0.04975728155339806,0.20375650880238036,0.5281258331111705,0.19163076003964724
Volunteer,11.99,30.0,0.0,23.96,Ride,2021-08-09 13:55:13,20–30 km/h,Intermediate,0.0,0.07395239275973221,0.41428952279392167,0.105043622386704
McGregor -4,48.28,120.0,0.0,24.14,Ride,2021-08-08 10:39:24,20–30 km/h,Intermediate,0.0,0.2989090007438631,0.419088243135164,0.17349034885019174
Warlow +1,37.19,90.0,0.0,24.8,Ride,2021-08-07 10:04:22,20–30 km/h,Intermediate,0.0,0.2301636498884205,0.4366835510530526,0.15638580517713668
Morning Ride,28.69,90.95,632.0,18.93,Ride,2021-08-05 06:58:52,< 20 km/h,Beginner,0.38349514563106796,0.1774733449045376,0.2801919488136497,0.3010279660496252
Devil's Crag,30.29,75.0,0.0,24.24,Ride,2021-08-04 09:04:29,20–30 km/h,Intermediate,0.0,0.18739151996032732,0.4217541988802986,0.1405682957641579
Lazy Mountain,25.93,60.0,0.0,25.93,Ride,2021-08-03 09:00:56,20–30 km/h,Intermediate,0.0,0.1603644929333003,0.46680885097307384,0.14147111807460486
Gendarme +3,28.97,60.0,0.0,28.97,Ride,2021-08-02 16:58:42,20–30 km/h,Intermediate,0.0,0.17920902553930076,0.5478539056251666,0.16333348878682355
Mount Baldy -1,26.31,60.0,0.0,26.31,Ride,2021-08-01 13:02:06,20–30 km/h,Intermediate,0.0,0.16272005950905033,0.4769394828045855,0.1442039144136322
Morning Ride,78.55,184.75,1210.0,25.51,Ride,2021-07-31 07:59:07,20–30 km/h,Intermediate,0.7342233009708737,0.4865484750805852,0.45561183684350853,0.6041985603783141
Mt Baldy tomorrow 😩😩😩,33.51,77.93,354.0,25.8,Ride,2021-07-30 06:41:27,20–30 km/h,Intermediate,0.21480582524271843,0.2073518472601041,0.4633431085043989,0.26227708850027026
Reinstein,40.83,90.0,0.0,27.21,Ride,2021-07-29 12:31:22,20–30 km/h,Intermediate,0.0,0.2527274981403422,0.5009330845107971,0.17600486634426207
Gabriel,52.58,120.0,0.0,26.3,Ride,2021-07-27 06:36:31,20–30 km/h,Intermediate,0.0,0.325564096206298,0.47667288723007206,0.1930038063079038
Sleeping Beauty +3,26.81,60.0,0.0,26.81,Ride,2021-07-26 13:15:56,20–30 km/h,Intermediate,0.0,0.16581948921398462,0.4902692615302586,0.14779969907024712
Morning Ride,35.52,105.35,524.1,20.23,Ride,2021-07-25 06:38:55,20–30 km/h,Intermediate,0.3180218446601942,0.21981155467394,0.31484937350039993,0.28792426343235905
McGregor -5,41.2,90.0,0.0,27.47,Ride,2021-07-24 05:58:44,20–30 km/h,Intermediate,0.0,0.2550210761219936,0.5078645694481471,0.1780792367262275
Starlight -2,42.92,90.0,0.0,28.61,Ride,2021-07-22 08:28:20,20–30 km/h,Intermediate,0.0,0.2656831143069675,0.5382564649426819,0.18735622728062662
Bald Knob -2,29.98,60.0,0.0,29.98,Ride,2021-07-21 17:53:36,20–30 km/h,Intermediate,0.0,0.18546987354326805,0.5747800586510264,0.17059697379318572
Ramp Test,19.23,37.08,0.0,31.12,Ride,2021-07-21 17:14:35,> 30 km/h,Advanced,0.0,0.11883213488718078,0.6051719541455612,0.15668403129526648
Morning Ride,13.16,44.68,42.0,17.67,Ride,2021-07-15 07:17:21,< 20 km/h,Beginner,0.025485436893203883,0.08120505826927846,0.24660090642495341,0.08642441721237618
Evening Ride,33.04,76.68,298.0,25.85,Ride,2021-07-11 18:10:09,20–30 km/h,Intermediate,0.1808252427184466,0.2044383833374659,0.46467608637696617,0.2446793536358563
Morning Ride,96.79,191.32,411.0,30.35,Ride,2021-07-10 06:23:01,> 30 km/h,Advanced,0.24939320388349515,0.5996156707165882,0.5846440949080246,0.42151012213832895
w/ Sir Father Daddy ,16.75,50.12,147.0,20.07,Ride,2021-07-07 08:19:15,20–30 km/h,Intermediate,0.0891990291262136,0.10345896355070668,0.31058384430818453,0.13775397248995572
Evening Ride,5.63,25.9,50.0,13.05,Ride,2021-06-30 19:28:56,< 20 km/h,Beginner,0.03033980582524272,0.034527646912968016,0.12343375099973343,0.050214947186458456
Morning Ride,45.09,97.97,218.0,27.62,Ride,2021-06-27 06:11:40,20–30 km/h,Intermediate,0.13228155339805825,0.2791346392263824,0.5118635030658492,0.25225386908011366
Evening Ride,1.29,2.38,5.0,32.41,Ride,2021-06-26 18:54:46,> 30 km/h,Advanced,0.003033980582524272,0.007624597074138359,0.6395627832577978,0.13171692606506322
Morning Ride,50.18,105.25,154.0,28.6,Ride,2021-06-21 06:22:15,20–30 km/h,Intermediate,0.09344660194174757,0.31068683362261346,0.5379898693681685,0.24752732493129154
Morning Ride,74.35,155.38,437.0,28.71,Ride,2021-06-13 06:01:27,20–30 km/h,Intermediate,0.2651699029126214,0.4605132655591371,0.5409224206878166,0.3789234152616151
Morning Ride,59.85,123.43,358.9,29.1,Ride,2021-06-06 06:01:40,20–30 km/h,Intermediate,0.21777912621359222,0.3706298041160427,0.5513196480938417,0.33034243396037727
Afternoon Ride,15.16,49.12,196.7,18.52,Ride,2021-05-26 16:30:04,< 20 km/h,Beginner,0.11935679611650485,0.09360277708901563,0.2692615302585977,0.14161153723667666
Morning Ride,9.12,20.0,0.0,27.36,Ride,2021-05-23 10:02:16,20–30 km/h,Intermediate,0.0,0.05616166625340937,0.5049320181284991,0.11783490350172264
Morning Ride ,65.18,112.77,213.8,34.68,Ride,2021-05-23 07:56:13,> 30 km/h,Advanced,0.12973300970873788,0.4036697247706422,0.700079978672354,0.32598341802003244
Afternoon Ride,6.47,28.33,49.0,13.7,Ride,2021-05-18 17:31:52,< 20 km/h,Beginner,0.029733009708737865,0.03973468881725763,0.1407624633431085,0.05493940416816792
Morning Ride ,42.81,91.27,208.2,28.15,Ride,2021-05-14 06:00:42,20–30 km/h,Intermediate,0.12633495145631068,0.265001239771882,0.5259930685150626,0.2478664613627325
Morning Ride,40.89,92.08,130.3,26.65,Ride,2021-05-07 06:33:50,20–30 km/h,Intermediate,0.07906553398058253,0.25309942970493426,0.4860037323380431,0.21266334236938017
Morning Ride,44.68,92.0,215.8,29.13,Ride,2021-05-02 06:42:51,20–30 km/h,Intermediate,0.1309466019417476,0.2765931068683362,0.5521194348173821,0.2588751199948511
Afternoon Ride,7.18,21.98,32.0,19.6,Ride,2021-04-28 17:05:32,< 20 km/h,Beginner,0.019417475728155338,0.04413587899826432,0.29805385230605175,0.08256027202476732
Meep,55.47,122.37,392.4,27.2,Ride,2021-04-25 06:00:01,20–30 km/h,Intermediate,0.23810679611650484,0.34347879990081825,0.5006664889362837,0.32223033581575466
Afternoon Ride,2.99,15.47,18.0,11.62,Ride,2021-04-24 17:25:01,< 20 km/h,Beginner,0.010922330097087379,0.018162658070914953,0.08531058384430817,0.027972079238679812
Morning Ride,30.69,66.87,110.9,27.54,Ride,2021-04-21 06:43:27,20–30 km/h,Intermediate,0.06729368932038836,0.18987106372427476,0.5097307384697414,0.19255431147142488
Morning Ride,45.16,96.87,188.6,27.97,Ride,2021-04-11 06:36:24,20–30 km/h,Intermediate,0.11444174757281553,0.27956855938507313,0.5211943481738203,0.24533031123669377
Morning Ride,5.49,26.62,52.8,12.38,Ride,2021-04-06 10:57:11,< 20 km/h,Beginner,0.03203883495145631,0.033659806595586414,0.10557184750733141,0.04723172895587036
Morning Ride,30.82,67.4,109.6,27.44,Ride,2021-04-02 06:53:39,20–30 km/h,Intermediate,0.06650485436893204,0.19067691544755766,0.5070647827246069,0.1918684583636547
Morning Ride,49.5,92.85,316.6,31.99,Ride,2021-03-27 07:26:07,> 30 km/h,Advanced,0.1921116504854369,0.3064716092239028,0.6283657691282325,0.3136704618355358
Morning Ride,41.42,96.93,751.0,25.64,Ride,2021-03-19 08:17:24,20–30 km/h,Intermediate,0.4557038834951456,0.25638482519216466,0.4590775793121834,0.3965829051676589
Morning Ride,25.93,60.03,67.0,25.91,Ride,2021-03-13 07:08:24,20–30 km/h,Intermediate,0.040655339805825245,0.1603644929333003,0.466275659824047,0.16169214974771212
Crashes :/,50.37,83.22,0.0,36.32,Ride,2021-03-08 11:02:47,> 30 km/h,Advanced,0.0,0.31186461691048845,0.743801652892562,0.24231971565165894
Morning Ride,27.87,76.33,463.0,21.9,Ride,2021-03-06 08:09:57,20–30 km/h,Intermediate,0.2809466019417476,0.17239028018844535,0.3593708344441482,0.264064551916237
Morning Ride,29.21,60.15,133.2,29.15,Ride,2021-03-03 10:55:17,20–30 km/h,Intermediate,0.0808252427184466,0.18069675179766925,0.5526526259664089,0.20515217209180583
Hello California ☀️ ,99.96,197.43,348.0,30.38,Ride,2021-02-27 06:58:52,> 30 km/h,Advanced,0.2111650485436893,0.6192660550458715,0.585443881631565,0.40845111711191906
Afternoon Ride,11.62,31.4,47.0,22.21,Ride,2021-02-24 16:32:39,20–30 km/h,Intermediate,0.028519417475728157,0.07165881477808082,0.36763529725406563,0.10928441262210145
Morning Ride ,14.18,32.42,53.0,26.25,Ride,2021-02-22 06:32:38,20–30 km/h,Intermediate,0.03216019417475728,0.08752789486734441,0.47533990935750464,0.1374064474190829
Morning Ride,30.4,63.27,87.0,28.84,Ride,2021-02-20 08:07:24,20–30 km/h,Intermediate,0.05279126213592233,0.18807339449541285,0.5443881631564916,0.19169528204788336
Lunch Ride,0.42,1.32,3.0,19.26,Ride,2021-02-19 11:27:56,< 20 km/h,Beginner,0.0018203883495145632,0.0022315893875526904,0.28898960277259406,0.059377591545541904
Morning Ride,15.55,36.92,49.0,25.25,Ride,2021-02-19 07:03:21,20–30 km/h,Intermediate,0.029733009708737865,0.09602033225886437,0.44868035190615835,0.13340867491325992
Morning Ride,10.53,26.73,40.0,23.61,Ride,2021-02-17 10:36:44,20–30 km/h,Intermediate,0.024271844660194174,0.06490205802132407,0.4049586776859504,0.11259827527368438
Morning Ride,65.05,154.4,805.0,25.28,Ride,2021-02-13 06:41:58,20–30 km/h,Intermediate,0.48847087378640774,0.40286387304735927,0.44948013862969877,0.45499062653335137
Afternoon Ride,9.56,30.95,36.0,18.54,Ride,2021-02-10 16:49:50,< 20 km/h,Beginner,0.021844660194174758,0.05888916439375155,0.2697947214076246,0.08254802369673778
Morning Ride,13.08,29.78,46.0,26.34,Ride,2021-02-08 10:29:36,20–30 km/h,Intermediate,0.027912621359223302,0.08070914951648897,0.4777392695281259,0.13371690944018352
Morning Ride,27.6,61.05,87.0,27.13,Ride,2021-02-06 09:46:54,20–30 km/h,Intermediate,0.05279126213592233,0.17071658814778085,0.4988003199146895,0.17737067149523333
Afternoon Ride,8.13,28.02,22.0,17.41,Ride,2021-02-04 16:54:50,< 20 km/h,Beginner,0.013349514563106795,0.05002479543763948,0.2396694214876033,0.0696160802103659
Morning Ride,7.5,40.97,65.0,10.99,Ride,2021-02-02 09:04:45,< 20 km/h,Beginner,0.03944174757281554,0.04611951400942227,0.06851506264996002,0.047259740519226455
Morning Ride,10.17,50.5,128.0,12.09,Ride,2021-01-31 10:27:22,< 20 km/h,Beginner,0.07766990291262135,0.06267046863377139,0.09784057584644096,0.07720420721573029
Morning Ride ,80.48,162.05,250.0,29.8,Ride,2021-01-30 07:13:01,20–30 km/h,Intermediate,0.15169902912621358,0.4985122737416316,0.5699813383097841,0.3393994643475531
Wheelies baby,5.63,30.0,0.0,11.27,Ride,2021-01-28 16:26:00,< 20 km/h,Beginner,0.0,0.034527646912968016,0.07597973873633697,0.0255542418211578
Morning Ride,29.92,63.52,92.0,28.26,Ride,2021-01-27 08:48:51,20–30 km/h,Intermediate,0.055825242718446605,0.18509794197867596,0.5289256198347109,0.18922712791976826
Morning Ride,25.88,62.92,82.0,24.69,Ride,2021-01-24 06:33:06,20–30 km/h,Intermediate,0.04975728155339806,0.16005454996280685,0.43375099973340453,0.15964520571222202
Morning Ride,17.54,40.92,61.0,25.72,Ride,2021-01-21 07:22:07,20–30 km/h,Intermediate,0.037014563106796114,0.10835606248450286,0.4612103439082911,0.14325616908040714
Morning Ride,40.25,85.08,215.0,28.39,Ride,2021-01-18 07:35:50,20–30 km/h,Intermediate,0.1304611650485437,0.2491321596826184,0.5323913623033858,0.24644850288973452
Morning Ride,54.57,108.98,428.0,30.05,Ride,2021-01-16 09:59:23,> 30 km/h,Advanced,0.25970873786407767,0.3378998264319365,0.5766462276726207,0.34655356239614393
Morning Ride,35.15,76.8,129.0,27.47,Ride,2021-01-14 06:58:47,20–30 km/h,Intermediate,0.07827669902912622,0.21751797669228862,0.5078645694481471,0.2059666564118791
Massive Santa Ana Headwinds GMFU,99.34,225.75,824.0,26.41,Ride,2021-01-09 06:01:32,20–30 km/h,Intermediate,0.5,0.6154227622117531,0.47960543854972015,0.53054791637347
Morning Ride,27.58,62.13,78.0,26.63,Ride,2021-01-06 06:37:46,20–30 km/h,Intermediate,0.04733009708737864,0.17059261095958345,0.48547054118901634,0.17193694006936763
Half & Half Cafe aka Haley’s house <3,99.28,208.22,782.0,28.61,Ride,2021-01-02 06:17:45,20–30 km/h,Intermediate,0.47451456310679613,0.6150508306471609,0.5382564649426819,0.5294238237360827
Afternoon Ride,6.36,17.2,30.0,22.19,Ride,2020-12-29 16:23:15,20–30 km/h,Intermediate,0.01820388349514563,0.03905281428217209,0.36710210610503874,0.0942382072532322
Morning Ride,29.9,66.6,102.0,26.94,Ride,2020-12-27 07:48:56,20–30 km/h,Intermediate,0.061893203883495146,0.18497396479047856,0.4937350039989337,0.1851857921786779
Morning Ride,28.1,64.2,136.0,26.26,Ride,2020-12-25 06:24:16,20–30 km/h,Intermediate,0.0825242718446602,0.17381601785271514,0.4756065049320182,0.18852824226454828
Morning Ride,14.08,33.93,63.0,24.9,Ride,2020-12-23 07:25:44,20–30 km/h,Intermediate,0.03822815533980582,0.08690800892635756,0.4393495067981871,0.1330563817074476
Afternoon Ride,1.27,3.25,3.0,23.45,Ride,2020-12-22 16:03:01,20–30 km/h,Intermediate,0.0018203883495145632,0.007500619885940987,0.400693148493735,0.08329900983928659
Morning Ride,30.26,62.62,105.0,29.0,Ride,2020-12-20 09:18:02,20–30 km/h,Intermediate,0.06371359223300971,0.18720555417803128,0.548653692348707,0.19774920083965564
Morning Ride,28.21,61.72,151.0,27.42,Ride,2020-12-18 06:58:15,20–30 km/h,Intermediate,0.09162621359223301,0.17449789238780067,0.5065315915755799,0.19946879282757268
Morning Ride,4.91,22.3,18.0,13.2,Ride,2020-12-17 08:44:48,< 20 km/h,Beginner,0.010922330097087379,0.03006446813786264,0.12743268461743534,0.03996704241338955
Morning Ride,33.22,73.2,392.0,27.23,Ride,2020-12-16 07:39:05,20–30 km/h,Intermediate,0.23786407766990292,0.20555417803124224,0.5014662756598242,0.28089154737628896
IZ,2.37,10.0,0.0,14.16,Ride,2020-12-14 14:48:47,< 20 km/h,Beginner,0.0,0.01431936523679643,0.15302585977072783,0.0349009815251845
Morning Ride,45.0,97.83,245.0,27.6,Ride,2020-12-13 07:36:18,20–30 km/h,Intermediate,0.1486650485436893,0.27857674187949416,0.5113303119168222,0.26017160921905735
Morning Ride,32.93,69.67,115.0,28.36,Ride,2020-12-11 08:05:25,20–30 km/h,Intermediate,0.06978155339805825,0.20375650880238036,0.5315915755798454,0.2023360444557123
Morning Ride,29.97,65.6,103.0,27.41,Ride,2020-12-10 06:30:54,20–30 km/h,Intermediate,0.0625,0.18540788494916935,0.5062649960010664,0.1881253646849641
Morning Ride,44.96,101.25,232.0,26.65,Ride,2020-12-04 06:53:13,20–30 km/h,Intermediate,0.1407766990291262,0.2783287875030994,0.4860037323380431,0.25108773223310155
Afternoon Ride,13.57,36.1,213.0,22.55,Ride,2020-12-02 13:51:56,20–30 km/h,Intermediate,0.12924757281553398,0.08374659062732458,0.3766995467875234,0.16508767295346904
Fullerton Loop? ,24.45,77.13,415.0,19.01,Ride,2020-12-02 06:49:00,< 20 km/h,Beginner,0.2518203883495146,0.1511901810066948,0.28232471340975746,0.2277321911587172
Afternoon Ride,15.45,30.0,0.0,30.9,Ride,2020-11-29 16:01:38,> 30 km/h,Advanced,0.0,0.0954004463178775,0.599306851506265,0.14848150419661624
Morning Ride,36.95,92.53,119.0,23.96,Ride,2020-11-28 06:41:21,20–30 km/h,Intermediate,0.07220873786407767,0.2286759236300521,0.41428952279392167,0.1875650505798388
With dad ,26.76,68.6,88.0,23.4,Ride,2020-11-26 09:27:15,20–30 km/h,Intermediate,0.05339805825242718,0.16550954624349123,0.3993601706211677,0.1562239271234945
Morning Ride,18.68,61.12,280.0,18.35,Ride,2020-11-25 07:08:14,< 20 km/h,Beginner,0.16990291262135923,0.11542276221175304,0.2647294054918689,0.1725241660725793
Morning Ride,69.38,158.58,413.0,26.25,Ride,2020-11-22 06:40:31,20–30 km/h,Intermediate,0.2506067961165049,0.4297049342920902,0.47533990935750464,0.3492828602173805
Morning Ride,32.49,70.53,103.0,27.65,Ride,2020-11-20 06:38:24,20–30 km/h,Intermediate,0.0625,0.20102901066203818,0.5126632897893895,0.19409136115648934
Morning Ride,8.5,41.08,36.0,12.42,Ride,2020-11-19 09:03:48,< 20 km/h,Beginner,0.021844660194174758,0.052318373419290846,0.10663822980538523,0.04794548808395167
Morning Ride,26.63,63.15,84.0,25.31,Ride,2020-11-17 06:32:32,20–30 km/h,Intermediate,0.050970873786407765,0.16470369452020828,0.4502799253532392,0.1649525303199142
Morning Ride,3.23,22.72,30.0,8.53,Ride,2020-11-14 09:36:34,< 20 km/h,Beginner,0.01820388349514563,0.019650384329283413,0.0029325513196480787,0.015583567310287455
Morning Ride,56.84,128.7,335.0,26.49,Ride,2020-11-13 06:58:44,20–30 km/h,Intermediate,0.2032766990291262,0.35197123729233826,0.4817382031458278,0.30357736133143015
Morning Ride,26.18,61.18,79.0,25.67,Ride,2020-11-10 06:40:07,20–30 km/h,Intermediate,0.047936893203883495,0.16191420778576743,0.4598773660357238,0.16451818214481675
Morning Ride,44.0,104.47,252.0,25.27,Ride,2020-11-08 06:34:36,20–30 km/h,Intermediate,0.1529126213592233,0.2723778824696256,0.44921354305518535,0.2480123840315364
Morning Ride,50.2,107.63,269.0,27.99,Ride,2020-11-06 06:35:35,20–30 km/h,Intermediate,0.16322815533980584,0.3108108108108108,0.5217275393228473,0.27920282877771563
Morning Ride,41.92,93.17,171.0,27.0,Ride,2020-11-04 06:31:28,20–30 km/h,Intermediate,0.10376213592233009,0.2594842548970989,0.4953345774460144,0.2287932599194976
Morning Ride,28.28,61.37,87.0,27.65,Ride,2020-11-03 06:54:52,20–30 km/h,Intermediate,0.05279126213592233,0.17493181254649146,0.5126632897893895,0.1814078327897865
Morning Ride,71.05,152.08,455.0,28.03,Ride,2020-10-31 06:00:09,20–30 km/h,Intermediate,0.27609223300970875,0.4400570295065708,0.5227939216209011,0.3746220096810058
Morning Ride,41.75,90.42,154.0,27.7,Ride,2020-10-30 05:59:01,20–30 km/h,Intermediate,0.09344660194174757,0.2584304487974213,0.5139962676619568,0.22705168914249152
Morning Ride,82.11,186.98,876.0,26.34,Ride,2020-10-24 05:49:27,20–30 km/h,Intermediate,0.5315533980582524,0.5086164145797173,0.4777392695281259,0.5139094773086665
Morning Spin ,49.92,126.48,639.0,23.67,Ride,2020-10-22 05:51:16,20–30 km/h,Intermediate,0.38774271844660196,0.3090751301760476,0.40655825113303123,0.3679055485027215
Morning Ride ,41.89,93.32,131.0,26.94,Ride,2020-10-18 05:32:42,20–30 km/h,Intermediate,0.07949029126213593,0.25929828911480285,0.4937350039989337,0.21628163316529558
Morning Ride,83.03,222.3,1426.0,22.4,Ride,2020-10-10 05:40:50,20–30 km/h,Intermediate,0.8652912621359223,0.5143193652367964,0.37270061316982134,0.6614815632729644
Morning Ride,7.77,20.58,17.0,22.64,Ride,2020-10-08 07:10:08,20–30 km/h,Intermediate,0.010315533980582525,0.04779320605008679,0.3790989069581445,0.09531551019694622
Morning Ride,78.39,223.0,1483.0,21.1,Ride,2020-10-03 05:36:34,20–30 km/h,Intermediate,0.899878640776699,0.4855566575750062,0.33804318848307124,0.6632149553574657
Morning Ride,74.77,201.22,1117.0,22.29,Ride,2020-09-26 05:43:50,20–30 km/h,Intermediate,0.6777912621359223,0.4631167865112819,0.3697680618501733,0.5517842793913804
Morning Ride,25.77,65.17,134.0,23.72,Ride,2020-09-22 06:07:12,20–30 km/h,Intermediate,0.08131067961165049,0.15937267542772132,0.4078912290055985,0.17004538823526133
Morning Ride,99.81,201.27,485.6,29.76,Ride,2020-09-19 06:12:43,20–30 km/h,Intermediate,0.2946601941747573,0.6183362261343913,0.5689149560117304,0.4466139561300421
Evening Ride,11.25,32.6,47.0,20.71,Ride,2020-09-16 18:40:02,20–30 km/h,Intermediate,0.028519417475728157,0.06936523679642946,0.3276459610770462,0.10059847199220216
Morning Ride,28.32,71.3,123.0,23.83,Ride,2020-09-13 06:03:40,20–30 km/h,Intermediate,0.07463592233009708,0.1751797669228862,0.4108237803252466,0.17203664730696372
Afternoon Ride,11.8,40.17,25.0,17.62,Ride,2020-09-12 15:42:13,< 20 km/h,Beginner,0.01516990291262136,0.07277460947185718,0.24526792855238608,0.07847092000834505
Shawn ,6.44,25.0,0.0,15.45,Ride,2020-09-11 23:09:28,< 20 km/h,Beginner,0.0,0.039548723034961576,0.18741668888296453,0.04934795468708138
Afternoon Ride,1.64,7.52,4.0,13.07,Ride,2020-09-11 16:34:50,< 20 km/h,Beginner,0.0024271844660194173,0.009794197867592362,0.12396694214876035,0.028945240023039488
Morning Ride,50.42,116.82,361.0,25.89,Ride,2020-09-11 05:47:44,20–30 km/h,Intermediate,0.21905339805825244,0.3121745598809819,0.46574246867502,0.2963275607284248
Morning Ride 2 ,32.2,70.2,73.0,27.52,Ride,2020-09-05 08:14:40,20–30 km/h,Intermediate,0.04429611650485437,0.1992313414331763,0.5091975473207145,0.18375697014652298
Morning Ride 1,66.03,116.13,257.0,34.12,Ride,2020-09-05 06:07:25,> 30 km/h,Advanced,0.15594660194174756,0.4089387552690305,0.6851506264996,0.33768505285150296
Morning Ride,26.09,80.55,674.0,19.42,Ride,2020-09-03 06:34:19,< 20 km/h,Beginner,0.40898058252427183,0.16135631043887927,0.29325513196480946,0.3115482107867616
Evening Ride,19.31,40.0,0.0,28.97,Ride,2020-09-01 19:22:18,20–30 km/h,Intermediate,0.0,0.11932804363997025,0.5478539056251666,0.1453691942170244
Evening Ride,6.32,20.47,23.0,18.52,Ride,2020-08-31 19:09:23,< 20 km/h,Beginner,0.013956310679611651,0.038804859905777346,0.2692615302585977,0.07247191936325859
Morning Ride,40.2,91.87,135.0,26.25,Ride,2020-08-27 06:17:17,20–30 km/h,Intermediate,0.08191747572815535,0.24882221671212498,0.47533990935750464,0.2106733847492161
Evening Ride,6.12,18.03,16.0,20.34,Ride,2020-08-26 19:35:03,20–30 km/h,Intermediate,0.009708737864077669,0.03756508802380362,0.317781924820048,0.07968028030318952
Morning Ride,23.54,60.92,495.0,23.19,Ride,2020-08-25 06:20:39,20–30 km/h,Intermediate,0.3003640776699029,0.14554921894371436,0.39376166355638503,0.2725991372293428
Afternoon Ride,11.65,30.5,59.0,22.92,Ride,2020-08-21 17:47:15,20–30 km/h,Intermediate,0.035800970873786406,0.0718447805603769,0.38656358304452154,0.11676663621391059
Morning Ride,38.09,92.25,416.0,24.78,Ride,2020-08-14 06:11:02,20–30 km/h,Intermediate,0.2524271844660194,0.23574262335730228,0.4361503599040256,0.28416645122100553
Hale ,3.22,13.03,0.0,14.82,Ride,2020-08-12 23:48:27,< 20 km/h,Beginner,0.0,0.019588395735184727,0.17062116768861638,0.0400007522582787
Morning Ride,37.03,87.27,484.0,25.46,Ride,2020-08-10 08:38:15,20–30 km/h,Intermediate,0.2936893203883495,0.22917183238284156,0.45427885897094106,0.3064519817032154
Morning Ride,17.98,78.6,331.0,13.71,Ride,2020-08-06 07:58:45,< 20 km/h,Beginner,0.2008495145631068,0.11108356062484505,0.141029058917622,0.16195563725253131
Morning Ride,51.61,122.83,394.0,25.2,Ride,2020-08-05 06:08:06,20–30 km/h,Intermediate,0.23907766990291263,0.3195512025787255,0.4473473740335911,0.3048736705317922
Morning Ride,21.95,61.42,109.0,21.44,Ride,2020-08-03 06:45:27,20–30 km/h,Intermediate,0.06614077669902912,0.13569303248202333,0.347107438016529,0.14319978569742736
Morning Ride,1.29,3.02,0.0,25.67,Ride,2020-08-01 08:32:57,20–30 km/h,Intermediate,0.0,0.007624597074138359,0.4598773660357238,0.09426285232938628
Evening Ride,6.26,20.0,27.0,18.8,Ride,2020-07-31 19:33:27,< 20 km/h,Beginner,0.016383495145631068,0.038432928341185224,0.2767262063449747,0.07506686734416604
Morning Ride,37.18,95.25,156.0,23.42,Ride,2020-07-31 06:06:14,20–30 km/h,Intermediate,0.09466019417475728,0.23010166129432183,0.3998933617701947,0.19633926782971411
jTRee,5.17,31.25,25.0,9.93,Ride,2020-07-26 18:29:12,< 20 km/h,Beginner,0.01516990291262136,0.03167617158442847,0.04025593175153292,0.025138989281945804
Morning Ride,6.61,35.25,22.0,11.25,Ride,2020-07-25 07:24:01,< 20 km/h,Beginner,0.013349514563106795,0.040602529134639236,0.07544654758731005,0.03394482553940718
Afternoon Ride,7.26,41.22,37.0,10.56,Ride,2020-07-24 15:23:07,< 20 km/h,Beginner,0.022451456310679612,0.04463178775105381,0.05705145294588112,0.036025555069832176
Morning Ride,68.49,135.2,412.0,30.4,Ride,2020-07-24 06:20:29,> 30 km/h,Advanced,0.25,0.4241879494173072,0.5859770727805917,0.36945179938131056
Afternoon Ride,0.24,1.0,0.0,14.48,Ride,2020-07-23 14:30:00,< 20 km/h,Beginner,0.0,0.0011157946937763452,0.16155691815515866,0.032646122039164636
Afternoon Ride,7.74,29.32,39.0,15.84,Ride,2020-07-23 14:22:28,< 20 km/h,Beginner,0.02366504854368932,0.04760724026779073,0.19781391628898962,0.0656774796099798
F zwiftpower ,3.22,6.0,0.0,32.19,Ride,2020-07-20 08:58:56,> 30 km/h,Advanced,0.0,0.019588395735184727,0.6336976806185016,0.13261605484425576
Evening Ride,0.06,0.25,0.0,16.09,Ride,2020-07-14 20:35:51,< 20 km/h,Beginner,0.0,0.0,0.2044788056518262,0.04089576113036524
Evening Ride,5.25,19.85,22.0,15.87,Ride,2020-07-14 20:01:01,< 20 km/h,Beginner,0.013349514563106795,0.032172080337217954,0.19861370301252998,0.056049121985224784
Haley ,8.05,30.0,0.0,16.09,Ride,2020-07-11 16:46:25,< 20 km/h,Beginner,0.0,0.04952888668485,0.2044788056518262,0.05575442713582024
Morning Ride,37.96,69.57,71.0,32.73,Ride,2020-07-11 06:11:59,> 30 km/h,Advanced,0.04308252427184466,0.23493677163401935,0.6480938416422286,0.2216410619545739
Morning Ride,9.66,40.0,0.0,14.48,Ride,2020-07-05 08:34:52,< 20 km/h,Beginner,0.0,0.05950905033473841,0.16155691815515866,0.050164098731453256
Morning Ride,69.8,127.52,252.0,32.85,Ride,2020-07-03 06:46:24,> 30 km/h,Advanced,0.1529126213592233,0.43230845524423506,0.6512929885363903,0.33640744496016023
Morning Ride,69.83,126.28,273.0,33.18,Ride,2020-06-27 06:52:52,> 30 km/h,Advanced,0.16565533980582525,0.43249442102653113,0.6600906424953346,0.3445941247099389
Morning Ride,161.38,309.8,658.0,31.25,Ride,2020-06-25 05:59:03,> 30 km/h,Advanced,0.39927184466019416,1.0,0.6086376966142362,0.6213634616529443
Evening Ride,8.53,25.0,0.0,20.47,Ride,2020-06-23 18:17:27,20–30 km/h,Intermediate,0.0,0.052504339201586904,0.321247667288723,0.08000083521822067
Haley ,11.27,60.0,0.0,11.27,Ride,2020-06-18 06:03:59,< 20 km/h,Beginner,0.0,0.06948921398462683,0.07597973873633697,0.036042711942655445
To Haley ,8.53,30.0,0.0,17.06,Ride,2020-06-16 14:10:14,< 20 km/h,Beginner,0.0,0.052504339201586904,0.23033857637963207,0.06181901703640248
Morning Ride,16.03,32.98,83.0,29.16,Ride,2020-06-13 09:17:06,20–30 km/h,Intermediate,0.05036407766990291,0.0989957847756013,0.5529192215409225,0.16546461857581635
Complications ,54.28,93.95,192.0,34.67,Ride,2020-06-13 06:45:31,> 30 km/h,Advanced,0.11650485436893204,0.3361021572030746,0.6998133830978406,0.29904575096495656
Morning Ride,10.4,51.97,87.0,12.01,Ride,2020-06-11 08:45:12,< 20 km/h,Beginner,0.05279126213592233,0.06409620629804116,0.09570781125033324,0.06476605520744017
Afternoon Ride,4.02,19.75,19.0,12.21,Ride,2020-06-10 17:43:43,< 20 km/h,Beginner,0.011529126213592233,0.02454748326307959,0.10103972274060254,0.033336752633840505
Morning Ride,69.22,120.7,292.4,34.41,Ride,2020-06-06 07:43:53,> 30 km/h,Advanced,0.1774271844660194,0.4287131167865113,0.6928818981604904,0.3559039069010612
Lunch Ride,28.65,86.0,0.0,19.99,Ride,2020-06-05 11:28:55,< 20 km/h,Beginner,0.0,0.17722539052814282,0.30845107971207675,0.1148578331008582
Morning Ride,82.11,158.4,366.0,31.11,Ride,2020-06-04 06:06:23,> 30 km/h,Advanced,0.2220873786407767,0.5086164145797173,0.6049053585710477,0.3846096854085131
Morning Ride,0.47,1.38,2.0,20.45,Ride,2020-06-04 06:04:02,20–30 km/h,Intermediate,0.0012135922330097086,0.0025415323580461197,0.32071447613969606,0.06551215105185791
Morning Ride,92.68,165.2,323.0,33.67,Ride,2020-05-30 07:48:29,> 30 km/h,Advanced,0.19599514563106796,0.5741383585420283,0.6731538256464943,0.4048698455074413
Morning Ride,84.67,177.82,704.0,28.57,Ride,2020-05-27 07:06:02,20–30 km/h,Intermediate,0.42718446601941745,0.524485494668981,0.5371900826446281,0.47837589793932866
Morning Ride,36.97,85.05,163.0,26.07,Ride,2020-05-26 08:05:11,20–30 km/h,Intermediate,0.09890776699029126,0.22879990081824944,0.4705411890162623,0.21220209154387293
Afternoon Ride,34.57,75.15,123.0,27.6,Ride,2020-05-21 17:04:53,20–30 km/h,Intermediate,0.07463592233009708,0.21392263823456484,0.5113303119168222,0.20376081501878243
Morning Ride,45.3,96.07,154.0,28.29,Ride,2020-05-20 08:05:21,20–30 km/h,Intermediate,0.09344660194174757,0.2804363997024547,0.5297254065582511,0.2367993021932604
Morning Spin,29.93,64.45,175.0,27.87,Ride,2020-05-15 06:30:28,20–30 km/h,Intermediate,0.10618932038834951,0.18515993057277463,0.5185283924286858,0.2123483178517443
Sunday Spin ,60.77,123.18,207.0,29.6,Ride,2020-05-10 06:14:40,20–30 km/h,Intermediate,0.12560679611650485,0.3763327547731218,0.5646494268195148,0.2886331098540919
Morning Ride,52.61,106.48,180.0,29.64,Ride,2020-05-03 05:59:58,20–30 km/h,Intermediate,0.10922330097087378,0.3257500619885941,0.5657158091175687,0.26547983090552885
Evening Ride,21.34,62.55,74.0,20.47,Ride,2020-03-23 18:12:17,20–30 km/h,Intermediate,0.044902912621359224,0.13191172824200348,0.321247667288723,0.12627450824102526
Morning Ride,38.87,92.07,389.0,25.33,Ride,2020-03-17 10:51:57,20–30 km/h,Intermediate,0.23604368932038836,0.24057773369699972,0.450813116502266,0.2803577880697473
Lunch Ride,64.37,127.48,456.0,30.29,Ride,2020-03-06 11:55:44,> 30 km/h,Advanced,0.2766990291262136,0.3986486486486487,0.5830445214609438,0.3745530134498901
Morning Ride,60.83,106.95,247.0,34.12,Ride,2020-02-29 07:42:02,> 30 km/h,Advanced,0.14987864077669902,0.37670468633771387,0.6851506264996,0.3249808515895837
Morning Ride,70.17,123.0,0.0,34.23,Ride,2020-02-29 07:34:24,> 30 km/h,Advanced,0.0,0.4346020332258865,0.6880831778192481,0.2679972455316155
Lunch Ride,64.53,135.73,481.0,28.52,Ride,2020-02-21 11:49:47,20–30 km/h,Intermediate,0.29186893203883496,0.39964046615422766,0.5358571047720608,0.3729980268200979
Morning Ride,69.59,125.73,259.0,33.2,Ride,2020-02-15 10:12:11,> 30 km/h,Advanced,0.1571601941747573,0.43100669476816267,0.6606238336443616,0.3400068722466998
Morning Ride,22.42,60.4,175.0,22.26,Ride,2020-02-09 08:41:06,20–30 km/h,Intermediate,0.10618932038834951,0.13860649640466158,0.36896827512663294,0.16847026414089983
Lunch Ride,3.06,11.38,4.0,16.14,Ride,2019-12-29 11:26:13,< 20 km/h,Beginner,0.0024271844660194173,0.018596578229605754,0.20581178352439353,0.04795492240677014
Morning Ride,0.18,0.57,0.0,18.22,Ride,2019-12-27 09:59:01,< 20 km/h,Beginner,0.0,0.0007438631291842301,0.2612636630231938,0.052475891543394035
Afternoon Ride,13.7,52.07,283.0,15.77,Ride,2019-12-14 16:00:08,< 20 km/h,Beginner,0.1717233009708738,0.08455244235060748,0.19594774726739536,0.15041693264409822
Before hitting the deck ,29.47,48.8,69.0,36.23,Ride,2019-11-09 07:10:58,> 30 km/h,Advanced,0.041868932038834954,0.18230845524423506,0.7414022927219407,0.22390746113707616
Morning Ride,69.8,116.78,234.0,35.86,Ride,2019-11-02 07:25:05,> 30 km/h,Advanced,0.14199029126213591,0.43230845524423506,0.7315382564649426,0.34699533349732703
Morning Ride,34.83,61.47,34.0,34.01,Ride,2019-10-29 07:19:30,> 30 km/h,Advanced,0.02063106796116505,0.21553434168113067,0.6822180751799519,0.21141945152091213
La Legends Ride,34.07,59.23,359.8,34.52,Ride,2019-10-13 08:39:47,> 30 km/h,Advanced,0.2183252427184466,0.21082320852963055,0.6958144494801387,0.3115724738141402
Morning Ride,34.15,59.73,365.0,34.31,Ride,2019-10-13 08:38:20,> 30 km/h,Advanced,0.22148058252427186,0.21131911728242003,0.690215942415356,0.31217921492993317
Morning Ride,41.12,82.27,482.0,29.98,Ride,2019-10-05 07:50:30,20–30 km/h,Intermediate,0.2924757281553398,0.25452516736920405,0.5747800586510264,0.3375514260186364
Morning Ride,20.04,34.1,238.0,35.26,Ride,2019-09-28 07:26:31,> 30 km/h,Advanced,0.14441747572815533,0.12385321100917432,0.7155425219941348,0.25247320556565694
Pacific Coast Triathlon ,20.12,34.48,233.0,35.0,Ride,2019-09-28 07:26:16,> 30 km/h,Advanced,0.14138349514563106,0.12434911976196382,0.7086110370567849,0.24971869091276164
Carlsbad to La Jolla Climb ,58.79,118.37,404.0,29.8,Ride,2019-09-21 06:57:35,20–30 km/h,Intermediate,0.24514563106796117,0.36405901314158196,0.5699813383097841,0.34578678713841204
Morning Ride,48.49,93.88,468.0,30.98,Ride,2019-09-17 06:23:45,> 30 km/h,Advanced,0.28398058252427183,0.30021076121993556,0.6014396161023728,0.35234144284859115
Morning Ride,35.58,75.97,351.0,28.1,Ride,2019-09-10 06:18:04,20–30 km/h,Intermediate,0.21298543689320387,0.2201834862385321,0.5246600906424953,0.2774797824466606
Morning Ride,40.2,87.25,527.0,27.65,Ride,2019-09-03 06:22:35,20–30 km/h,Intermediate,0.31978155339805825,0.24882221671212498,0.5126632897893895,0.3370700996705445
Morning Ride ,41.86,91.17,424.0,27.55,Ride,2019-08-27 06:43:28,20–30 km/h,Intermediate,0.25728155339805825,0.25911232333250683,0.509997334044255,0.30837394050763217
Morning Ride,49.46,92.77,203.0,31.98,Ride,2019-08-24 07:10:58,> 30 km/h,Advanced,0.12317961165048544,0.3062236548475081,0.6280991735537191,0.279076736990239
Morning Ride,93.08,156.55,372.0,35.68,Ride,2019-08-17 06:52:09,> 30 km/h,Advanced,0.22572815533980584,0.5766179023059756,0.7267395361237003,0.4311973555864357
2 Flats 1 Detour ,74.32,127.8,341.0,34.89,Ride,2019-08-10 06:18:10,> 30 km/h,Advanced,0.20691747572815533,0.460327299776841,0.7056784857371368,0.3826926249445573
Morning Ride,93.66,162.33,371.0,34.62,Ride,2019-08-03 06:43:50,> 30 km/h,Advanced,0.22512135922330098,0.5802132407636995,0.6984804052252732,0.426320732885815
Morning Ride,39.57,84.78,75.0,28.0,Ride,2019-08-02 09:09:16,20–30 km/h,Intermediate,0.04550970873786408,0.24491693528390776,0.5219941348973607,0.2006287619335765
Morning Ride,92.78,162.82,352.0,34.18,Ride,2019-07-27 06:54:39,> 30 km/h,Advanced,0.21359223300970873,0.5747582444830152,0.6867501999466809,0.41657362983909507
DadoMartinez group ride ,93.34,156.03,377.0,35.89,Ride,2019-07-13 06:17:08,> 30 km/h,Advanced,0.2287621359223301,0.5782296057525416,0.7323380431884831,0.43431755832462415
Sunday spin w/ Lolo jack,26.2,60.05,83.0,26.17,Ride,2019-07-07 17:41:27,20–30 km/h,Intermediate,0.05036407766990291,0.1620381849739648,0.47320714476139697,0.16843492327942028
Morning Ride,91.91,163.83,386.0,33.67,Ride,2019-07-06 07:22:27,> 30 km/h,Advanced,0.2342233009708738,0.5693652367964295,0.6731538256464943,0.42255198665366456
Morning Ride,90.41,157.83,375.0,34.38,Ride,2019-06-29 06:42:58,> 30 km/h,Advanced,0.2275485436893204,0.5600669476816266,0.6920821114369502,0.4202107784365382
Morning Ride,77.92,137.57,359.0,33.99,Ride,2019-06-22 06:44:32,> 30 km/h,Advanced,0.2178398058252427,0.48264319365236796,0.6816848840309251,0.39004983781451674
painful first day back ,93.25,186.12,442.0,30.06,Ride,2019-06-08 07:35:57,> 30 km/h,Advanced,0.2682038834951456,0.5776717084056534,0.5769128232471341,0.42278601891869566
Sexy morning weather ,29.37,64.53,410.0,27.31,Ride,2019-05-17 08:32:21,20–30 km/h,Intermediate,0.2487864077669903,0.18168856930324823,0.5035990402559318,0.27961958272565596
Morning Ride,91.36,163.17,387.0,33.6,Ride,2019-05-04 07:16:37,> 30 km/h,Advanced,0.23483009708737865,0.5659558641210017,0.6712876566249001,0.42145933910496985
Morning Ride,93.15,172.83,390.0,32.33,Ride,2019-04-27 07:31:19,> 30 km/h,Advanced,0.2366504854368932,0.5770518224646666,0.6374300186616901,0.4189267931901846
Morning Ride ,93.76,175.65,358.0,32.03,Ride,2019-04-13 07:19:47,> 30 km/h,Advanced,0.21723300970873785,0.5808331267046863,0.6294321514262864,0.40875287315103215
San Marcos-Carlsbad w/ cute climb at the end ,56.47,121.27,771.0,27.94,Ride,2019-04-04 09:04:05,20–30 km/h,Intermediate,0.4678398058252427,0.34967765931068684,0.5203945614502801,0.4429021129958834
Morning Ride,27.78,61.68,339.0,27.02,Ride,2019-03-10 07:42:30,20–30 km/h,Intermediate,0.20570388349514562,0.17183238284155716,0.4958677685950414,0.2535752103190482
Morning Ride,28.47,68.25,124.0,25.03,Ride,2019-01-26 09:03:47,20–30 km/h,Intermediate,0.07524271844660194,0.17610959583436647,0.44281524926686217,0.17901728782698334
Morning Ride,19.38,40.03,218.0,29.05,Ride,2019-01-09 08:21:57,20–30 km/h,Intermediate,0.13228155339805825,0.11976196379866105,0.5499866702212745,0.21206669988288235
Morning Ride,67.62,133.42,261.0,30.42,Ride,2019-01-05 08:53:36,> 30 km/h,Advanced,0.158373786407767,0.41879494173072157,0.5865102639296188,0.32212742850902376
Zwift - SST (Short),26.96,50.22,32.3,32.2,Ride,2018-12-19 17:28:28,> 30 km/h,Advanced,0.019599514563106796,0.16674931812546492,0.6339642761930152,0.1866174079577959
Sunday Ride,49.89,91.05,240.0,32.88,Ride,2018-12-16 08:21:52,> 30 km/h,Advanced,0.14563106796116504,0.3088891643937515,0.6520927752599307,0.29590083835069414
active recovery,16.48,30.18,24.2,32.77,Ride,2018-12-12 23:40:01,> 30 km/h,Advanced,0.014684466019417475,0.10178527151004217,0.6491602239402826,0.16770985925077792
BRICKKKKK_1,34.95,60.25,164.6,34.81,Ride,2018-12-08 17:15:54,> 30 km/h,Advanced,0.09987864077669903,0.21627820481031493,0.7035457211410291,0.2555319260596498
Zwift - The Gorby,32.3,60.2,1088.8,32.2,Ride,2018-12-06 07:48:28,> 30 km/h,Advanced,0.6606796116504854,0.19985122737416314,0.6339642761930152,0.5170880292760947
Chino Hills Cycling,27.58,61.32,368.4,26.99,Ride,2018-12-01 07:28:03,20–30 km/h,Intermediate,0.22354368932038834,0.17059261095958345,0.495067981871501,0.2619632243223694
Zwift - Jon's Short Mix,16.58,29.73,26.8,33.44,Ride,2018-11-27 01:00:57,> 30 km/h,Advanced,0.016262135922330098,0.10240515745102902,0.6670221274326845,0.17225704068301068
Clark County Cycling,48.76,105.87,418.6,27.65,Ride,2018-11-23 11:27:43,20–30 km/h,Intermediate,0.25400485436893205,0.30188445326060004,0.5126632897893895,0.32010042112052395
Zwift - Watopia,24.9,45.52,957.8,32.81,Ride,2018-11-19 13:23:48,> 30 km/h,Advanced,0.5811893203883495,0.15397966774113564,0.6502266062383365,0.4668338817641827
Chino Hills Mountain Biking,15.27,63.43,380.9,14.44,Ride,2018-11-17 08:15:09,< 20 km/h,Beginner,0.231128640776699,0.09428465162410116,0.16049053585710477,0.1759478230470008
Zwift - The Gorby,23.11,40.35,1607.4,34.38,Ride,2018-11-15 09:37:02,> 30 km/h,Advanced,0.975364077669903,0.1428837093974709,0.6920821114369502,0.6689635739415828
Zwift - Watopia,27.81,59.93,1109.0,27.84,Ride,2018-11-12 13:33:39,20–30 km/h,Intermediate,0.6729368932038835,0.1720183486238532,0.5177286057051453,0.49161967233012677
Zwift - NYC,16.29,30.18,81.9,32.36,Ride,2018-11-07 17:31:04,> 30 km/h,Advanced,0.049696601941747576,0.10060748822216713,0.6382298053852306,0.18267650851457004
Newport Beach Cycling,13.33,23.8,47.7,33.6,Ride,2018-11-04 07:13:41,> 30 km/h,Advanced,0.028944174757281557,0.08225886436895612,0.6712876566249001,0.17340727801430764
Morning Ride,67.51,120.33,254.0,33.67,Ride,2018-10-20 07:37:08,> 30 km/h,Advanced,0.154126213592233,0.418113067195636,0.6731538256464943,0.33712779208410615
Trail #1,0.85,2.58,27.0,19.76,Ride,2018-10-19 11:42:39,< 20 km/h,Beginner,0.016383495145631068,0.004897098933796182,0.3023193814982672,0.07012475355260783
Morning Ride,67.06,119.83,257.0,33.59,Ride,2018-10-06 07:37:35,> 30 km/h,Advanced,0.15594660194174756,0.41532358046119516,0.6710210610503866,0.33677458731930965
Morning Ride,17.46,34.32,132.0,30.51,Ride,2018-09-28 07:49:05,> 30 km/h,Advanced,0.08009708737864078,0.10786015373171338,0.5889096241002401,0.19018851462888242
Morning Ride,16.25,30.53,148.0,31.95,Ride,2018-09-28 07:10:38,> 30 km/h,Advanced,0.08980582524271845,0.10035953384577238,0.6272993868301787,0.2004706501411267
Afternoon Ride,16.69,32.48,69.0,30.82,Ride,2018-09-26 15:55:48,> 30 km/h,Advanced,0.041868932038834954,0.10308703198611457,0.5971740869101573,0.1712953929972833
Morning Ride,21.63,51.93,317.0,24.99,Ride,2018-09-22 07:29:44,20–30 km/h,Intermediate,0.19235436893203883,0.13370939747086535,0.44174886696880833,0.22463977710104066
Morning Ride,6.58,17.27,16.0,22.9,Ride,2018-09-21 07:08:45,20–30 km/h,Intermediate,0.009708737864077669,0.04041656335234317,0.38603039189549454,0.0941854163168407
Morning Ride,11.27,58.02,237.0,11.65,Ride,2018-09-11 09:15:19,< 20 km/h,Beginner,0.14381067961165048,0.06948921398462683,0.0861103705678486,0.109974178114783
Morning Ride,67.06,117.95,334.0,34.12,Ride,2018-09-01 07:39:00,> 30 km/h,Advanced,0.20266990291262135,0.41532358046119516,0.6851506264996,0.3629621508945893
Morning Ride,1.82,7.83,1.0,13.92,Ride,2018-08-15 06:14:46,< 20 km/h,Beginner,0.0006067961165048543,0.010909992561368709,0.1466275659824047,0.03290190902314398
Morning Ride,49.65,91.42,248.0,32.59,Ride,2018-07-26 06:18:04,> 30 km/h,Advanced,0.15048543689320387,0.30740143813538306,0.6443615035990403,0.29633545060702493
Afternoon Ride,18.94,37.62,10.0,30.22,Ride,2018-07-12 14:34:30,> 30 km/h,Advanced,0.006067961165048544,0.11703446565831889,0.5811783524393495,0.15437999076788983
Morning Ride,69.91,121.52,299.0,34.52,Ride,2018-07-07 06:45:26,> 30 km/h,Advanced,0.18143203883495146,0.4329903297793206,0.6958144494801387,0.3597760082472996
Lunch Ride,12.91,45.5,69.0,17.01,Ride,2018-06-13 12:03:24,< 20 km/h,Beginner,0.041868932038834954,0.07965534341681131,0.22900559850706484,0.09063218874587384
Morning Ride,70.96,129.48,461.0,32.88,Ride,2018-05-12 08:18:34,> 30 km/h,Advanced,0.2797330097087379,0.43949913215968256,0.6520927752599307,0.4021347995542599
Morning Ride,72.97,135.38,162.0,32.33,Ride,2018-05-05 07:35:36,> 30 km/h,Advanced,0.0983009708737864,0.45195883957351846,0.6374300186616901,0.3122241410412868
Morning Ride,12.04,22.92,136.8,31.53,Ride,2018-04-08 08:59:10,> 30 km/h,Advanced,0.08300970873786409,0.07426233573022563,0.6161023727006132,0.18700402962812238
Morning Ride,49.28,98.53,443.0,30.0,Ride,2018-03-31 08:36:34,> 30 km/h,Advanced,0.2688106796116505,0.3051078601537317,0.5753132498000533,0.34100034781195543
Morning Ride,50.07,97.98,214.0,30.66,Ride,2018-03-24 08:09:33,> 30 km/h,Advanced,0.12985436893203883,0.3100049590875279,0.5929085577179419,0.27651038373586617
Brick Ride,19.7,41.35,47.0,28.58,Ride,2018-02-04 06:24:56,20–30 km/h,Intermediate,0.028519417475728157,0.121745598809819,0.5374566782191414,0.15827472402463807
Morning Ride w/ Emilio ,32.24,75.73,234.0,25.52,Ride,2018-01-21 08:08:26,20–30 km/h,Intermediate,0.14199029126213591,0.19947929580957105,0.45587843241802195,0.2220146208575437
Morning Ride,63.57,131.27,407.0,29.05,Ride,2017-11-18 07:36:31,20–30 km/h,Intermediate,0.24696601941747573,0.39368956112075376,0.5499866702212745,0.3515872120892189
Morning Ride,63.67,130.63,265.0,29.24,Ride,2017-11-18 07:36:20,20–30 km/h,Intermediate,0.16080097087378642,0.39430944706174065,0.5550519861370302,0.3097037167828215
Didn’t charge the Di2!😭 pure saddle time on my FIXIE lol,32.2,76.12,148.0,25.38,Ride,2017-11-16 06:48:37,20–30 km/h,Intermediate,0.08980582524271845,0.1992313414331763,0.45214609437483344,0.1951015339262788
Morning Ride,32.3,76.52,209.0,25.31,Ride,2017-11-16 06:48:20,20–30 km/h,Intermediate,0.12682038834951456,0.19985122737416314,0.4502799253532392,0.21342154745765407
Indoor Test Ride,17.91,47.87,0.0,22.45,Ride,2017-11-12 18:33:06,20–30 km/h,Intermediate,0.0,0.11064964046615425,0.3740335910423887,0.108001610348324
Morning Ride,32.96,97.23,199.0,20.34,Ride,2017-10-28 07:57:32,20–30 km/h,Intermediate,0.12075242718446602,0.20394247458467643,0.317781924820048,0.18511534093164556
Morning Ride,32.25,95.75,222.0,20.21,Ride,2017-10-22 07:43:22,20–30 km/h,Intermediate,0.13470873786407767,0.19954128440366972,0.314316182351373,0.19007999072341436
Morning Ride,46.57,131.78,267.0,21.21,Ride,2017-10-14 08:02:14,20–30 km/h,Intermediate,0.16201456310679613,0.2883089511529878,0.34097573980271934,0.2356951148598383
Morning Ride,28.05,78.9,108.0,21.32,Ride,2017-10-07 07:05:37,20–30 km/h,Intermediate,0.06553398058252427,0.1735060748822217,0.34390829112236737,0.15360047098040214
Morning Ride,8.87,32.78,39.0,16.24,Ride,2017-09-23 09:03:59,< 20 km/h,Beginner,0.02366504854368932,0.05461195140094222,0.2084777392695281,0.06991165754603294
Morning Ride,12.39,44.33,47.0,16.77,Ride,2017-09-17 09:36:28,< 20 km/h,Beginner,0.028519417475728157,0.07643193652367965,0.22260730471874168,0.08171075063871631
Morning Ride,7.93,30.78,14.0,15.47,Ride,2017-09-16 08:01:08,< 20 km/h,Beginner,0.00849514563106796,0.04878502355566576,0.1879498800319915,0.05647305588863201
Evening Ride,8.66,40.62,64.0,12.79,Ride,2017-07-25 18:59:28,< 20 km/h,Beginner,0.038834951456310676,0.05331019092486983,0.11650226606238336,0.05871098621809296
Evening Ride,1.66,9.55,2.0,10.41,Ride,2017-07-24 19:14:46,< 20 km/h,Beginner,0.0012135922330097086,0.009918175055789734,0.053052519328179164,0.014192752498877609
Morning Ride,29.03,60.57,218.0,28.76,Ride,2017-07-14 07:22:32,20–30 km/h,Intermediate,0.13228155339805825,0.1795809571038929,0.5422553985603841,0.22846614354227382
Morning Ride,71.18,140.43,181.0,30.42,Ride,2017-07-01 06:48:38,> 30 km/h,Advanced,0.10983009708737865,0.44086288122985373,0.5865102639296188,0.3044759656985692
Test riding the CO-OP ADV 3.1 touring bike ,20.74,61.7,74.7,20.17,Ride,2017-06-27 19:25:20,20–30 km/h,Intermediate,0.04532766990291262,0.12819241259608233,0.3132498000533192,0.12377151874094486
Temple ,32.38,65.38,69.2,29.71,Ride,2017-06-13 08:23:13,20–30 km/h,Intermediate,0.04199029126213592,0.20034713612695265,0.5675819781391629,0.19461568209698635
Morning Ride,32.14,64.87,41.0,29.72,Ride,2017-06-13 08:21:30,20–30 km/h,Intermediate,0.02487864077669903,0.1988594098685842,0.5678485737136763,0.18566685809166
Morning Ride,32.64,69.6,137.6,28.13,Ride,2017-05-23 07:26:58,20–30 km/h,Intermediate,0.08349514563106795,0.20195883957351848,0.5254598773660357,0.20742720016079666
Morning Ride,32.72,70.67,164.0,27.78,Ride,2017-05-23 07:25:27,20–30 km/h,Intermediate,0.09951456310679611,0.20245474832630794,0.5161290322580645,0.21371951250290333
Morning Ride,26.76,65.53,61.0,24.49,Ride,2017-05-21 07:20:37,20–30 km/h,Intermediate,0.037014563106796114,0.16550954624349123,0.4284190882431352,0.15384396307507248
Morning Ride,12.94,92.25,261.0,8.42,Ride,2017-05-06 08:49:09,< 20 km/h,Beginner,0.158373786407767,0.07984130919910735,0.0,0.10313928596361571
Morning Ride,11.65,42.8,54.0,16.33,Ride,2017-04-30 06:50:08,< 20 km/h,Beginner,0.032766990291262135,0.0718447805603769,0.21087709944014926,0.08011234920177399
Morning Ride,20.97,79.93,89.0,15.74,Ride,2017-04-28 07:02:53,< 20 km/h,Beginner,0.054004854368932036,0.1296181502603521,0.195147960543855,0.10491746437134264
Evening Ride,19.84,64.48,76.0,18.46,Ride,2017-04-26 18:49:11,< 20 km/h,Beginner,0.04611650485436893,0.1226134391272006,0.26766195681151694,0.11337467552764804
